"354876063153,09:09:17:896,-0.79966336,-0.4357447,9.763555"
"354886072918,09:09:17:986,-0.7541735,-0.46447513,9.775525"
"354896052167,09:09:17:999,-0.7326257,-0.40940848,9.753978"
"354906122967,09:09:18:009,-0.7038953,-0.4381389,9.730036"
"354916163251,09:09:18:017,-0.78290397,-0.4309563,9.749189"
"354926173016,09:09:18:024,-0.7613561,-0.35913026,9.722853"
"354936152264,09:09:18:031,-0.7613561,-0.4381389,9.698911"
"354946192547,09:09:18:038,-0.7062895,-0.34476504,9.713276"
"354956202313,09:09:18:045,-0.7398083,-0.34955344,9.751583"
"354966212079,09:09:18:052,-0.6871359,-0.45968673,9.718064"
"358204335565,09:09:18:225,-0.7254431,-0.3854665,9.672575"
"358915639276,09:09:19:145,-0.7517793,-0.39743748,9.82341"
"358925679559,09:09:19:170,-0.80684596,-0.40462008,9.651027"
"358935658807,09:09:19:279,-0.770933,-0.320823,9.65821"
"358945699090,09:09:19:299,-0.641646,-0.2825158,9.792285"
"358955708856,09:09:19:316,-0.557849,-0.46208093,9.763555"
"356429011151,09:09:19:411,-0.6823475,-0.521936,9.713276"
"359005818719,09:09:19:458,-0.6871359,-0.40222588,9.694122"
"359015797967,09:09:19:497,-0.6584055,-0.45968673,9.7563715"
"359025807733,09:09:19:526,-0.7230489,-0.37349546,9.765948"
"359035817499,09:09:19:621,-0.7445967,-0.37349546,9.737218"
"359045827264,09:09:19:741,-0.80924016,-0.35673606,9.725247"
"359055867547,09:09:19:864,-0.7517793,-0.4285621,9.715671"
"359065877313,09:09:19:975,-0.6799533,-0.51714754,9.737218"
"359075917596,09:09:20:000,-0.5746084,-0.4405331,9.713276"
"359085927362,09:09:20:020,-0.61530983,-0.4309563,9.725247"
"359095937127,09:09:20:218,-0.78290397,-0.41180268,9.694122"
"359105977411,09:09:20:252,-0.7757214,-0.37588966,9.734824"
"359115956659,09:09:20:268,-0.6464345,-0.4381389,9.7563715"
"359125966424,09:09:20:282,-0.62967503,-0.4141969,9.634268"
"359135976190,09:09:20:299,-0.63206923,-0.49559975,9.703699"
"359146016473,09:09:20:380,-0.7302315,-0.3854665,9.76116"
"359155995721,09:09:20:517,-0.78529817,-0.3854665,9.7324295"
"359166005487,09:09:20:566,-0.6871359,-0.36391866,9.773131"
"359176045770,09:09:20:588,-0.7278373,-0.45250413,9.624691"
"359186055536,09:09:20:606,-0.62967503,-0.46447513,9.782708"
"359196065301,09:09:20:652,-0.8619126,-0.36391866,9.682152"
"359206075067,09:09:20:693,-0.7278373,-0.35194764,9.734824"
"359216084833,09:09:20:715,-0.6751649,-0.41180268,9.706094"
"359226094598,09:09:20:750,-0.6512229,-0.46208093,9.844957"
"359236104364,09:09:20:782,-0.6392518,-0.39743748,9.746795"
"359246114129,09:09:20:853,-0.7469909,-0.38307226,9.698911"
"359256123895,09:09:20:900,-0.79008657,-0.4213795,9.720459"
"359266133661,09:09:20:979,-0.7015011,-0.3854665,9.794679"
"359276143426,09:09:21:118,-0.6967127,-0.47644615,9.691729"
"359286153192,09:09:21:153,-0.6392518,-0.36870706,9.701305"
"359296162958,09:09:21:229,-0.7374141,-0.4285621,9.7084875"
"359306172723,09:09:21:292,-0.7158663,-0.35913026,9.818622"
"359316182489,09:09:21:351,-0.7158663,-0.46208093,9.67018"
"359326192254,09:09:21:404,-0.7326257,-0.38067806,9.701305"
"359336202020,09:09:21:439,-0.7637503,-0.40222588,9.751583"
"359346211786,09:09:21:466,-0.62249243,-0.37588966,9.696517"
"359356221551,09:09:21:489,-0.7517793,-0.49559975,9.813833"
"359366231317,09:09:21:522,-0.7326257,-0.4189853,9.679757"
"359376241083,09:09:21:541,-0.7254431,-0.4261679,9.682152"
"359586507196,09:09:21:818,-0.7015011,-0.33279404,9.876082"
"359596516961,09:09:21:843,-0.7350199,-0.37828386,9.701305"
"359606557245,09:09:21:873,-0.7517793,-0.4333505,9.639056"
"359616536493,09:09:21:885,-0.6991069,-0.46447513,9.758766"
"359626546258,09:09:21:903,-0.7398083,-0.37588966,9.835381"
"359636556024,09:09:21:918,-0.6919243,-0.36870706,9.694122"
"359646565790,09:09:21:930,-0.7398083,-0.49559975,9.617508"
"359656606073,09:09:21:946,-0.7398083,-0.48841715,9.787497"
"359666615838,09:09:21:960,-0.7278373,-0.33518824,9.825804"
"359676625604,09:09:21:972,-0.7086837,-0.36152446,9.734824"
"359686635370,09:09:21:994,-0.7134721,-0.48123455,9.639056"
"359756703729,09:09:22:078,-0.6871359,-0.3878607,9.698911"
"359766713495,09:09:22:102,-0.7302315,-0.45010993,9.718064"
"359776723260,09:09:22:122,-0.7182605,-0.44532153,9.758766"
"359786733026,09:09:22:179,-0.7158663,-0.4165911,9.734824"
"359796742792,09:09:22:193,-0.7182605,-0.35434186,9.7563715"
"359806752557,09:09:22:208,-0.6607997,-0.45729253,9.742006"
"359816762323,09:09:22:220,-0.7158663,-0.4213795,9.7324295"
"359826772088,09:09:22:241,-0.7613561,-0.4357447,9.797073"
"359836781854,09:09:22:279,-0.7038953,-0.40222588,9.746795"
"359846791620,09:09:22:291,-0.78529817,-0.36870706,9.749189"
"359856801385,09:09:22:298,-0.7254431,-0.47405192,9.76116"
"359926930780,09:09:22:374,-0.7781156,-0.3854665,9.701305"
"359936940545,09:09:22:398,-0.6919243,-0.37588966,9.737218"
"359946980829,09:09:22:411,-0.6584055,-0.47165772,9.7084875"
"359956990594,09:09:22:418,-0.7637503,-0.39025488,9.7084875"
"359967000360,09:09:22:431,-0.6584055,-0.46686932,9.749189"
"359977010126,09:09:22:445,-0.7230489,-0.40701428,9.742006"
"359987019891,09:09:22:457,-0.7158663,-0.47165772,9.67018"
"359997029657,09:09:22:476,-0.7110779,-0.4309563,9.744401"
"360007039422,09:09:22:493,-0.7038953,-0.40462008,9.837775"
"360017049188,09:09:22:501,-0.6679823,-0.37828386,9.734824"
"360027058954,09:09:22:513,-0.7038953,-0.4189853,9.773131"
"361248677606,09:09:22:907,-0.6751649,-0.4189853,9.792285"
"361258717889,09:09:22:934,-0.7517793,-0.39743748,9.770737"
"361268758172,09:09:22:968,-0.7015011,-0.4405331,9.744401"
"361278767938,09:09:22:981,-0.7110779,-0.49799395,9.813833"
"361288747186,09:09:22:994,-0.7445967,-0.39743748,9.765948"
"361298787469,09:09:23:005,-0.7326257,-0.48841715,9.821015"
"361308797235,09:09:23:013,-0.7086837,-0.46447513,9.794679"
"361318807001,09:09:23:023,-0.7374141,-0.46208093,9.773131"
"361328786249,09:09:23:034,-0.7422025,-0.4309563,9.842564"
"361338826532,09:09:23:049,-0.7015011,-0.4333505,9.785102"
"361358846063,09:09:23:072,-0.7445967,-0.46686932,9.787497"
"361368855829,09:09:23:082,-0.7038953,-0.4357447,9.80665"
"361448964471,09:09:23:159,-0.7422025,-0.4189853,9.768343"
"361459004754,09:09:23:191,-0.7038953,-0.45250413,9.768343"
"361469014520,09:09:23:205,-0.6560113,-0.40222588,9.832987"
"361479024286,09:09:23:214,-0.7302315,-0.4141969,9.7803135"
"361489034051,09:09:23:223,-0.7158663,-0.36391866,9.763555"
"361499043817,09:09:23:233,-0.7757214,-0.4381389,9.799467"
"361509053583,09:09:23:243,-0.7350199,-0.38307226,9.763555"
"361519063348,09:09:23:252,-0.6823475,-0.4141969,9.773131"
"361529073114,09:09:23:274,-0.7254431,-0.3878607,9.7563715"
"361539082879,09:09:23:283,-0.7254431,-0.38307226,9.751583"
"361649251336,09:09:23:361,-0.7637503,-0.45729253,9.775525"
"361659261102,09:09:23:381,-0.7158663,-0.4309563,9.742006"
"361669270868,09:09:23:391,-0.6847417,-0.45729253,9.765948"
"361679311151,09:09:23:407,-0.7206547,-0.47644615,9.768343"
"361689290399,09:09:23:421,-0.7517793,-0.4429273,9.78989"
"361699300165,09:09:23:432,-0.7398083,-0.39983168,9.749189"
"361709340448,09:09:23:443,-0.6607997,-0.40462008,9.821015"
"361749379510,09:09:23:486,-0.6967127,-0.45250413,9.763555"
"361759358758,09:09:23:495,-0.770933,-0.4237737,9.773131"
"361769368524,09:09:23:510,-0.7254431,-0.46686932,9.785102"
"361909596795,09:09:23:598,-0.7374141,-0.44532153,9.7563715"
"361919606561,09:09:23:610,-0.7445967,-0.35673606,9.751583"
"361929616327,09:09:23:620,-0.6679823,-0.41180268,9.787497"
"361939626092,09:09:23:626,-0.6727707,-0.44771573,9.744401"
"361949635858,09:09:23:635,-0.6871359,-0.41180268,9.768343"
"361959676141,09:09:23:646,-0.7110779,-0.36152446,9.722853"
"361969685907,09:09:23:653,-0.7015011,-0.34715924,9.799467"
"362019795770,09:09:23:685,-0.6560113,-0.4189853,9.797073"
"362029805536,09:09:23:702,-0.6727707,-0.49559975,9.720459"
"362039815301,09:09:23:710,-0.7302315,-0.4189853,9.77792"
"362149953241,09:09:23:778,-0.6823475,-0.4357447,9.775525"
"362159963006,09:09:23:796,-0.7182605,-0.4237737,9.840169"
"362169942254,09:09:23:812,-0.6655881,-0.39025488,9.830592"
"362179952020,09:09:23:823,-0.6967127,-0.4189853,9.782708"
"362189961786,09:09:23:832,-0.6751649,-0.4309563,9.773131"
"362200002069,09:09:23:861,-0.6967127,-0.4285621,9.821015"
"362210011835,09:09:23:885,-0.7038953,-0.36631286,9.763555"
"362220021600,09:09:23:906,-0.7565677,-0.4189853,9.775525"
"362230031366,09:09:23:925,-0.7254431,-0.34955344,9.763555"
"362240041131,09:09:23:955,-0.641646,-0.41180268,9.749189"
"362250081415,09:09:23:997,-0.6751649,-0.4309563,9.7324295"
"362260091180,09:09:24:010,-0.7326257,-0.48362875,9.730036"
"362270100946,09:09:24:016,-0.7685388,-0.47165772,9.821015"
"362280110711,09:09:24:026,-0.7565677,-0.45010993,9.727641"
"362290150995,09:09:24:036,-0.7086837,-0.4189853,9.782708"
"362360249872,09:09:24:097,-0.62728083,-0.38307226,9.744401"
"362370259637,09:09:24:124,-0.6967127,-0.3878607,9.787497"
"362380299920,09:09:24:132,-0.7445967,-0.4213795,9.82341"
"362390309686,09:09:24:142,-0.6919243,-0.4261679,9.76116"
"362400349969,09:09:24:151,-0.7302315,-0.4237737,9.7563715"
"363211659784,09:09:24:513,-0.6727707,-0.40940848,9.7563715"
"363331776971,09:09:24:577,-0.7086837,-0.40462008,9.797073"
"363371816034,09:09:24:603,-0.7182605,-0.39025488,9.770737"
"363391835565,09:09:24:618,-0.7374141,-0.40701428,9.768343"
"363401845331,09:09:24:628,-0.7206547,-0.46208093,9.785102"
"363411855096,09:09:24:636,-0.7086837,-0.37828386,9.792285"
"363421895379,09:09:24:644,-0.7038953,-0.4405331,9.753978"
"363431905145,09:09:24:651,-0.6847417,-0.37828386,9.82341"
"363441914911,09:09:24:661,-0.7062895,-0.40222588,9.76116"
"363451924676,09:09:24:668,-0.7302315,-0.38307226,9.785102"
"363461934442,09:09:24:676,-0.7182605,-0.4141969,9.76116"
"363471944208,09:09:24:683,-0.6847417,-0.4429273,9.751583"
"363702168817,09:09:24:936,-0.7062895,-0.33518824,9.813833"
"363762288446,09:09:25:073,-0.7254431,-0.40462008,9.794679"
"363772298211,09:09:25:088,-0.7110779,-0.35913026,9.792285"
"363782307977,09:09:25:115,-0.6703765,-0.4357447,9.797073"
"363792317743,09:09:25:129,-0.6847417,-0.4285621,9.794679"
"363802327508,09:09:25:143,-0.6727707,-0.48841715,9.811439"
"363812367792,09:09:25:154,-0.7182605,-0.48602295,9.725247"
"363822377557,09:09:25:166,-0.6847417,-0.4333505,9.751583"
"363832417840,09:09:25:178,-0.7350199,-0.36870706,9.701305"
"364353047723,09:09:25:435,-0.7015011,-0.45968673,9.840169"
"364363057489,09:09:25:442,-0.770933,-0.4333505,9.78989"
"366646657342,09:09:26:579,-0.6943185,-0.46208093,9.832987"
"366656667108,09:09:26:601,-0.7206547,-0.38307226,9.701305"
"366666676874,09:09:26:614,-0.6536171,-0.39983168,9.751583"
"366676686639,09:09:26:627,-0.63206923,-0.3878607,9.832987"
"366686726922,09:09:26:639,-0.7038953,-0.320823,9.746795"
"366696706170,09:09:26:647,-0.6823475,-0.36152446,9.787497"
"366706715936,09:09:26:658,-0.7613561,-0.47644615,9.737218"
"366716725702,09:09:26:666,-0.6703765,-0.4141969,9.737218"
"366726735467,09:09:26:678,-0.6871359,-0.33039984,9.782708"
"367237477655,09:09:27:182,-0.7422025,-0.4141969,9.751583"
"367247487420,09:09:27:190,-0.7015011,-0.36870706,9.753978"
"367257497186,09:09:27:218,-0.7326257,-0.41180268,9.734824"
"367267476434,09:09:27:231,-0.6991069,-0.4165911,9.80665"
"367277486200,09:09:27:240,-0.6751649,-0.35673606,9.749189"
"367287557001,09:09:27:248,-0.6871359,-0.4189853,9.725247"
"367297566766,09:09:27:259,-0.6536171,-0.4261679,9.77792"
"367307576532,09:09:27:276,-0.7206547,-0.30645782,9.842564"
"367317586297,09:09:27:285,-0.6943185,-0.39264908,9.7563715"
"367407704706,09:09:27:342,-0.7302315,-0.40940848,9.753978"
"367988393182,09:09:27:917,-0.6943185,-0.4189853,9.782708"
"367998402948,09:09:27:929,-0.6943185,-0.45010993,9.742006"
"368008412713,09:09:27:936,-0.7086837,-0.4357447,9.7563715"
"368018422479,09:09:27:948,-0.7134721,-0.37588966,9.734824"
"368028432245,09:09:27:956,-0.6919243,-0.34715924,9.742006"
"368038442010,09:09:27:978,-0.6775591,-0.47405192,9.763555"
"368048451776,09:09:28:008,-0.7230489,-0.40222588,9.792285"
"368058461542,09:09:28:029,-0.6679823,-0.48602295,9.7563715"
"368068471307,09:09:28:042,-0.7589619,-0.44532153,9.725247"
"368078481073,09:09:28:050,-0.7206547,-0.37828386,9.763555"
"368178639764,09:09:28:106,-0.7015011,-0.44771573,9.7563715"
"368378896112,09:09:28:307,-0.7134721,-0.45729253,9.701305"
"368388905877,09:09:28:316,-0.7134721,-0.40222588,9.715671"
"368398946161,09:09:28:326,-0.6919243,-0.4237737,9.751583"
"368408955926,09:09:28:338,-0.7350199,-0.36870706,9.763555"
"368418965692,09:09:28:349,-0.6991069,-0.40701428,9.7324295"
"368428975458,09:09:28:360,-0.7134721,-0.40940848,9.730036"
"368438954706,09:09:28:368,-0.6703765,-0.36870706,9.763555"
"368448994989,09:09:28:378,-0.7326257,-0.4189853,9.718064"
"368459004754,09:09:28:389,-0.6919243,-0.36870706,9.797073"
"368769399042,09:09:28:699,-0.7469909,-0.4261679,9.758766"
"368779439325,09:09:28:710,-0.7110779,-0.4357447,9.825804"
"368789479608,09:09:28:722,-0.7589619,-0.4261679,9.797073"
"368949696893,09:09:28:910,-0.7158663,-0.4261679,9.746795"
"368959676141,09:09:28:922,-0.7206547,-0.45968673,9.768343"
"368969716424,09:09:28:933,-0.6679823,-0.37828386,9.737218"
"368979726190,09:09:28:941,-0.7445967,-0.44532153,9.821015"
"368989735956,09:09:28:950,-0.6679823,-0.46447513,9.768343"
"368999715204,09:09:28:959,-0.7661445,-0.37828386,9.818622"
"369009755487,09:09:28:970,-0.7398083,-0.4165911,9.7084875"
"369019795770,09:09:28:981,-0.63206923,-0.45250413,9.720459"
"369029805536,09:09:28:992,-0.6536171,-0.47165772,9.763555"
"369139943475,09:09:29:077,-0.7062895,-0.36631286,9.730036"
"369530446405,09:09:29:460,-0.6991069,-0.41180268,9.742006"
"369590535516,09:09:29:517,-0.7086837,-0.4213795,9.7803135"
"369610585565,09:09:29:538,-0.6679823,-0.3878607,9.77792"
"369630605096,09:09:29:557,-0.7038953,-0.47405192,9.744401"
"369650655145,09:09:29:578,-0.7637503,-0.45968673,9.768343"
"369660634393,09:09:29:588,-0.61530983,-0.39504328,9.7324295"
"369670644159,09:09:29:598,-0.7134721,-0.46447513,9.809045"
"369680653924,09:09:29:609,-0.7206547,-0.49081135,9.775525"
"369690663690,09:09:29:618,-0.7158663,-0.4261679,9.744401"
"369700673456,09:09:29:628,-0.6727707,-0.34955344,9.744401"
"369710683221,09:09:29:638,-0.6775591,-0.44771573,9.76116"
"369740743036,09:09:29:668,-0.7206547,-0.48362875,9.792285"
"369750722284,09:09:29:680,-0.7326257,-0.4405331,9.715671"
"369760732049,09:09:29:693,-0.6895301,-0.39504328,9.794679"
"369840871210,09:09:29:768,-0.6751649,-0.4309563,9.78989"
"369850880975,09:09:29:780,-0.7158663,-0.39025488,9.7803135"
"369860890741,09:09:29:805,-0.7134721,-0.4189853,9.768343"
"369870900506,09:09:29:812,-0.6847417,-0.4189853,9.773131"
"369880910272,09:09:29:823,-0.7086837,-0.4141969,9.763555"
"369890920038,09:09:29:833,-0.770933,-0.48362875,9.842564"
"369900929803,09:09:29:846,-0.6584055,-0.35673606,9.713276"
"370281453485,09:09:30:210,-0.7493851,-0.3854665,9.725247"
"370351521844,09:09:30:278,-0.7326257,-0.41180268,9.765948"
"370371541376,09:09:30:303,-0.6679823,-0.39983168,9.718064"
"370381551141,09:09:30:317,-0.7469909,-0.4261679,9.78989"
"370391560907,09:09:30:339,-0.6919243,-0.45010993,9.742006"
"370401601190,09:09:30:354,-0.6799533,-0.40222588,9.799467"
"370411580438,09:09:30:370,-0.7326257,-0.40940848,9.742006"
"370421590204,09:09:30:391,-0.6751649,-0.38307226,9.787497"
"370431599969,09:09:30:407,-0.6895301,-0.4309563,9.744401"
"370441609735,09:09:30:423,-0.6679823,-0.45729253,9.742006"
"370451650018,09:09:30:432,-0.6895301,-0.35913026,9.775525"
"370461659784,09:09:30:448,-0.7422025,-0.39983168,9.718064"
"370471669549,09:09:30:457,-0.7158663,-0.4261679,9.753978"
"370581868524,09:09:30:522,-0.6967127,-0.46686932,9.763555"
"370601918573,09:09:30:534,-0.7230489,-0.47405192,9.7563715"
"370611958856,09:09:30:541,-0.7398083,-0.36870706,9.811439"
"370621938104,09:09:30:550,-0.7206547,-0.46447513,9.7563715"
"370631947870,09:09:30:560,-0.7206547,-0.4405331,9.768343"
"370641988153,09:09:30:572,-0.6775591,-0.45010993,9.758766"
"370702046747,09:09:30:630,-0.7661445,-0.36391866,9.799467"
"370712056512,09:09:30:639,-0.7254431,-0.4189853,9.739613"
"370722066278,09:09:30:652,-0.6679823,-0.49320555,9.749189"
"370732076043,09:09:30:661,-0.6919243,-0.33758244,9.751583"
"371152516717,09:09:31:086,-0.7206547,-0.4189853,9.832987"
"371232594842,09:09:31:164,-0.7445967,-0.48123455,9.7084875"
"371262624139,09:09:31:192,-0.6919243,-0.44771573,9.7084875"
"371272633905,09:09:31:204,-0.6775591,-0.50757074,9.7803135"
"371673024530,09:09:31:602,-0.7517793,-0.39743748,9.775525"
"371693074579,09:09:31:667,-0.6967127,-0.4141969,9.82341"
"371723103876,09:09:31:696,-0.7374141,-0.48123455,9.763555"
"371763142938,09:09:31:723,-0.7015011,-0.4357447,9.770737"
"371773152704,09:09:31:748,-0.7422025,-0.4357447,9.7563715"
"371783162469,09:09:31:776,-0.7134721,-0.45010993,9.763555"
"371793233270,09:09:31:802,-0.6775591,-0.4213795,9.773131"
"371803273553,09:09:31:820,-0.7038953,-0.4261679,9.782708"
"371813283319,09:09:31:837,-0.7374141,-0.4405331,9.706094"
"371823293085,09:09:31:857,-0.7350199,-0.4261679,9.737218"
"371833302850,09:09:31:879,-0.6967127,-0.4405331,9.763555"
"371843312616,09:09:31:935,-0.7469909,-0.35673606,9.753978"
"371853322381,09:09:31:946,-0.7015011,-0.4429273,9.7803135"
"371863332147,09:09:31:957,-0.6488287,-0.44532153,9.698911"
"371873341913,09:09:31:983,-0.6631939,-0.38307226,9.782708"
"371883351678,09:09:31:996,-0.6799533,-0.4285621,9.797073"
"371903371210,09:09:32:021,-0.7086837,-0.36152446,9.799467"
"371913411493,09:09:32:029,-0.6991069,-0.36870706,9.787497"
"371923421258,09:09:32:036,-0.6488287,-0.4141969,9.794679"
"371933461542,09:09:32:043,-0.6895301,-0.4333505,9.7563715"
"372083669061,09:09:32:112,-0.62488663,-0.44771573,9.782708"
"372093709344,09:09:32:128,-0.6871359,-0.32800564,9.7324295"
"372103688592,09:09:32:140,-0.6775591,-0.38307226,9.751583"
"372113698358,09:09:32:168,-0.7230489,-0.40222588,9.78989"
"372123708124,09:09:32:179,-0.7110779,-0.4165911,9.799467"
"372133717889,09:09:32:249,-0.6799533,-0.4141969,9.77792"
"372143727655,09:09:32:259,-0.7206547,-0.38307226,9.775525"
"372153767938,09:09:32:268,-0.6871359,-0.40940848,9.782708"
"372163777704,09:09:32:275,-0.7038953,-0.48602295,9.751583"
"372173787469,09:09:32:283,-0.6344634,-0.4189853,9.746795"
"372213826532,09:09:32:302,-0.7062895,-0.40940848,9.799467"
"372233876581,09:09:32:331,-0.7637503,-0.41180268,9.773131"
"372243916864,09:09:32:358,-0.6967127,-0.39983168,9.811439"
"372253957147,09:09:32:374,-0.6512229,-0.4309563,9.80665"
"372263966913,09:09:32:422,-0.7398083,-0.4189853,9.773131"
"372273976678,09:09:32:437,-0.6943185,-0.3878607,9.77792"
"372284016961,09:09:32:449,-0.6751649,-0.40940848,9.734824"
"372294026727,09:09:32:458,-0.7422025,-0.40222588,9.775525"
"372304067010,09:09:32:472,-0.6847417,-0.4165911,9.727641"
"372314076776,09:09:32:482,-0.6919243,-0.35913026,9.742006"
"372874745721,09:09:32:802,-0.6703765,-0.47644615,9.782708"
"372944875116,09:09:32:873,-0.7493851,-0.47884035,9.78989"
"372954854364,09:09:32:898,-0.7350199,-0.4429273,9.76116"
"372964894647,09:09:32:928,-0.6512229,-0.4189853,9.801862"
"372984914178,09:09:32:976,-0.7086837,-0.4261679,9.773131"
"372994893426,09:09:32:995,-0.7086837,-0.38067806,9.763555"
"373004933710,09:09:33:021,-0.7206547,-0.36152446,9.758766"
"373014943475,09:09:33:037,-0.6751649,-0.39504328,9.749189"
"373024953241,09:09:33:048,-0.7062895,-0.4141969,9.753978"
"373034932489,09:09:33:060,-0.7398083,-0.45010993,9.739613"
"373044972772,09:09:33:067,-0.6751649,-0.35673606,9.832987"
"373054982538,09:09:33:080,-0.6847417,-0.37110126,9.753978"
"373064992303,09:09:33:099,-0.6943185,-0.39743748,9.751583"
"373075002069,09:09:33:170,-0.7182605,-0.38067806,9.739613"
"373085011835,09:09:33:186,-0.7158663,-0.38067806,9.825804"
"373095021600,09:09:33:291,-0.7254431,-0.39983168,9.744401"
"373105031366,09:09:33:309,-0.7182605,-0.44532153,9.782708"
"373115041131,09:09:33:326,-0.6607997,-0.36631286,9.77792"
"373125081415,09:09:33:335,-0.6775591,-0.45489833,9.768343"
"373135091180,09:09:33:346,-0.6847417,-0.39264908,9.787497"
"373145070428,09:09:33:355,-0.7110779,-0.44771573,9.763555"
"373155049676,09:09:33:382,-0.7469909,-0.36152446,9.76116"
"373165120477,09:09:33:416,-0.6440403,-0.33997664,9.775525"
"373175099725,09:09:33:427,-0.7374141,-0.4285621,9.730036"
"373185109491,09:09:33:434,-0.7757214,-0.44532153,9.785102"
"373335347528,09:09:33:506,-0.6775591,-0.4189853,9.765948"
"373345326776,09:09:33:522,-0.6991069,-0.45968673,9.8042555"
"373355336542,09:09:33:534,-0.6536171,-0.39983168,9.792285"
"373365376825,09:09:33:543,-0.7278373,-0.37828386,9.8042555"
"373375386590,09:09:33:562,-0.6871359,-0.41180268,9.734824"
"373385396356,09:09:33:570,-0.78050977,-0.4285621,9.813833"
"373415425653,09:09:33:617,-0.6919243,-0.35913026,9.782708"
"373425435418,09:09:33:632,-0.6392518,-0.40222588,9.813833"
"373435445184,09:09:33:638,-0.6991069,-0.37110126,9.713276"
"373445454950,09:09:33:653,-0.6775591,-0.40462008,9.80665"
"373525533075,09:09:33:700,-0.6799533,-0.4141969,9.809045"
"373545552606,09:09:33:725,-0.6847417,-0.4381389,9.698911"
"373555592889,09:09:33:736,-0.61530983,-0.4189853,9.770737"
"373565572137,09:09:33:746,-0.7326257,-0.37349546,9.799467"
"373575581903,09:09:33:755,-0.7062895,-0.37349546,9.765948"
"373585591668,09:09:33:766,-0.7134721,-0.49320555,9.813833"
"373615620965,09:09:33:792,-0.7493851,-0.35913026,9.730036"
"373625630731,09:09:33:806,-0.6631939,-0.47644615,9.7563715"
"373635671014,09:09:33:815,-0.6512229,-0.4333505,9.768343"
"373645680780,09:09:33:828,-0.7637503,-0.40222588,9.758766"
"373765828485,09:09:33:882,-0.63206923,-0.39504328,9.713276"
"373785848016,09:09:33:914,-0.6727707,-0.40701428,9.770737"
"373795918817,09:09:33:920,-0.6967127,-0.40940848,9.749189"
"373805928583,09:09:33:930,-0.7278373,-0.4405331,9.765948"
"373815938348,09:09:33:939,-0.6679823,-0.4357447,9.794679"
"373825948114,09:09:33:951,-0.6775591,-0.40462008,9.751583"
"374446614618,09:09:34:374,-0.7685388,-0.38307226,9.768343"
"374516682977,09:09:34:444,-0.6919243,-0.39983168,9.7563715"
"374556722040,09:09:34:484,-0.6631939,-0.4285621,9.765948"
"374576741571,09:09:34:504,-0.6607997,-0.38307226,9.753978"
"374596761102,09:09:34:524,-0.6703765,-0.47405192,9.773131"
"374997121210,09:09:34:924,-0.7230489,-0.49081135,9.768343"
"375047200555,09:09:34:974,-0.6991069,-0.4333505,9.749189"
"375077199335,09:09:35:004,-0.6607997,-0.35673606,9.770737"
"375097249383,09:09:35:027,-0.7134721,-0.4213795,9.765948"
"375117268915,09:09:35:048,-0.7086837,-0.3878607,9.794679"
"375137288446,09:09:35:064,-0.7110779,-0.4261679,9.82341"
"375147298211,09:09:35:078,-0.6751649,-0.40462008,9.765948"
"375157307977,09:09:35:087,-0.6823475,-0.36152446,9.7324295"
"375167317743,09:09:35:095,-0.7589619,-0.4189853,9.725247"
"375177327508,09:09:35:110,-0.6703765,-0.4405331,9.751583"
"375187337274,09:09:35:117,-0.6847417,-0.34476504,9.775525"
"375217397088,09:09:35:146,-0.7565677,-0.40222588,9.82341"
"375227437372,09:09:35:154,-0.6799533,-0.4357447,9.730036"
"375317616815,09:09:35:252,-0.6751649,-0.34237084,9.770737"
"375327626581,09:09:35:263,-0.7278373,-0.46926352,9.773131"
"375337636346,09:09:35:274,-0.6823475,-0.4189853,9.7803135"
"375347646112,09:09:35:281,-0.6703765,-0.37588966,9.744401"
"375357655877,09:09:35:291,-0.6344634,-0.4333505,9.763555"
"375367665643,09:09:35:302,-0.7134721,-0.4213795,9.751583"
"375377675409,09:09:35:311,-0.7206547,-0.4213795,9.76116"
"375387685174,09:09:35:318,-0.7278373,-0.3878607,9.744401"
"375407704706,09:09:35:335,-0.7086837,-0.45968673,9.775525"
"375417714471,09:09:35:347,-0.62009823,-0.39504328,9.763555"
"375497823114,09:09:35:426,-0.7398083,-0.4333505,9.76116"
"375507832879,09:09:35:443,-0.7422025,-0.38307226,9.742006"
"375517873163,09:09:35:454,-0.6679823,-0.40462008,9.768343"
"375527852411,09:09:35:466,-0.7493851,-0.4237737,9.799467"
"375537862176,09:09:35:479,-0.6631939,-0.4429273,9.703699"
"375547871942,09:09:35:489,-0.6991069,-0.50038815,9.730036"
"375557881708,09:09:35:497,-0.6464345,-0.38067806,9.768343"
"375567891473,09:09:35:505,-0.7613561,-0.36870706,9.787497"
"375587880487,09:09:35:523,-0.6751649,-0.39504328,9.737218"
"375597890252,09:09:35:530,-0.6775591,-0.39504328,9.816227"
"375698018426,09:09:35:634,-0.7015011,-0.39025488,9.773131"
"375728047723,09:09:35:665,-0.7086837,-0.4333505,9.749189"
"375738088006,09:09:35:674,-0.6991069,-0.4357447,9.737218"
"375748067254,09:09:35:683,-0.7302315,-0.3878607,9.763555"
"375758107538,09:09:35:690,-0.7493851,-0.44532153,9.773131"
"375768086786,09:09:35:698,-0.7254431,-0.4261679,9.809045"
"375778096551,09:09:35:709,-0.63206923,-0.39983168,9.821015"
"375788106317,09:09:35:720,-0.7015011,-0.4165911,9.77792"
"375798116083,09:09:35:727,-0.6943185,-0.4213795,9.765948"
"375808156366,09:09:35:737,-0.6703765,-0.38067806,9.7563715"
"375878224725,09:09:35:806,-0.78529817,-0.49559975,9.734824"
"375888265008,09:09:35:823,-0.6871359,-0.33039984,9.785102"
"375898274774,09:09:35:835,-0.7134721,-0.40462008,9.811439"
"375908284540,09:09:35:845,-0.7230489,-0.4381389,9.746795"
"375918324823,09:09:35:853,-0.7062895,-0.40940848,9.753978"
"375958394403,09:09:35:894,-0.6871359,-0.3878607,9.77792"
"375968434686,09:09:35:913,-0.6727707,-0.4141969,9.813833"
"375978444452,09:09:35:923,-0.7110779,-0.39743748,9.811439"
"375988423700,09:09:35:943,-0.7038953,-0.46447513,9.794679"
"375998494501,09:09:35:952,-0.7398083,-0.44532153,9.734824"
"376068593377,09:09:36:084,-0.6488287,-0.40940848,9.749189"
"376078603143,09:09:36:106,-0.6943185,-0.40940848,9.749189"
"376088612909,09:09:36:113,-0.6799533,-0.4429273,9.737218"
"376098653192,09:09:36:121,-0.7086837,-0.39264908,9.775525"
"376108662958,09:09:36:129,-0.7015011,-0.40701428,9.765948"
"376118672723,09:09:36:137,-0.7015011,-0.35434186,9.737218"
"376128713006,09:09:36:143,-0.7422025,-0.45729253,9.797073"
"376138692254,09:09:36:169,-0.7661445,-0.41180268,9.832987"
"376148732538,09:09:36:177,-0.7374141,-0.4381389,9.742006"
"376158711786,09:09:36:188,-0.7158663,-0.45010993,9.811439"
"376639363641,09:09:36:567,-0.6703765,-0.47165772,9.7803135"
"376719502801,09:09:36:646,-0.6967127,-0.33758244,9.763555"
"376749501581,09:09:36:677,-0.6751649,-0.39025488,9.751583"
"376769551629,09:09:36:698,-0.641646,-0.40940848,9.737218"
"376779561395,09:09:36:709,-0.7110779,-0.3878607,9.765948"
"376799611444,09:09:36:727,-0.7374141,-0.40940848,9.80665"
"376809590692,09:09:36:740,-0.6871359,-0.3878607,9.773131"
"376819630975,09:09:36:749,-0.6703765,-0.44771573,9.718064"
"376829579706,09:09:36:763,-0.6775591,-0.40940848,9.737218"
"376839619989,09:09:36:772,-0.61770403,-0.4141969,9.763555"
"376849660272,09:09:36:781,-0.6871359,-0.4309563,9.701305"
"376859639520,09:09:36:798,-0.7565677,-0.36152446,9.744401"
"376949696893,09:09:36:877,-0.6392518,-0.37110126,9.758766"
"376959737176,09:09:36:887,-0.7781156,-0.39264908,9.751583"
"376969746942,09:09:36:901,-0.6536171,-0.4381389,9.696517"
"376979787225,09:09:36:911,-0.7086837,-0.4357447,9.768343"
"376989766473,09:09:36:920,-0.6631939,-0.4309563,9.811439"
"376999806756,09:09:36:927,-0.6871359,-0.4261679,9.76116"
"377039876336,09:09:36:967,-0.6895301,-0.39983168,9.76116"
"377049886102,09:09:36:977,-0.7350199,-0.4237737,9.725247"
"377059926385,09:09:36:990,-0.6344634,-0.4333505,9.753978"
"377069875116,09:09:36:999,-0.641646,-0.3854665,9.76116"
"377140004510,09:09:37:067,-0.7302315,-0.40701428,9.718064"
"377150014276,09:09:37:077,-0.6607997,-0.4213795,9.737218"
"377160024042,09:09:37:087,-0.7015011,-0.37828386,9.744401"
"377170033807,09:09:37:097,-0.6655881,-0.3854665,9.7803135"
"377180043573,09:09:37:107,-0.6991069,-0.4141969,9.758766"
"377190053338,09:09:37:118,-0.60573304,-0.4261679,9.82341"
"377600667352,09:09:37:528,-0.6943185,-0.4309563,9.730036"
"377690724725,09:09:37:619,-0.7086837,-0.37349546,9.787497"
"377710744256,09:09:37:638,-0.7278373,-0.34955344,9.785102"
"377730763788,09:09:37:663,-0.6967127,-0.3854665,9.727641"
"377740773553,09:09:37:671,-0.7493851,-0.4405331,9.813833"
"377770802850,09:09:37:698,-0.7445967,-0.4285621,9.742006"
"377780812616,09:09:37:708,-0.6703765,-0.45968673,9.768343"
"377790852899,09:09:37:718,-0.7062895,-0.44771573,9.746795"
"377800862665,09:09:37:728,-0.7302315,-0.4285621,9.7803135"
"377810902948,09:09:37:738,-0.7015011,-0.4381389,9.770737"
"377820882196,09:09:37:748,-0.7254431,-0.35673606,9.76116"
"377830891961,09:09:37:758,-0.6991069,-0.44771573,9.765948"
"378151326532,09:09:38:084,-0.6943185,-0.36870706,9.794679"
"378161336297,09:09:38:090,-0.6871359,-0.4333505,9.80665"
"378171346063,09:09:38:101,-0.6847417,-0.4213795,9.797073"
"378181355829,09:09:38:111,-0.6919243,-0.38067806,9.751583"
"378191365594,09:09:38:120,-0.6847417,-0.45968673,9.739613"
"378201375360,09:09:38:132,-0.6464345,-0.49081135,9.744401"
"378351643915,09:09:38:315,-0.6655881,-0.50517654,9.725247"
"378361684198,09:09:38:407,-0.7062895,-0.35434186,9.682152"
"378371693963,09:09:38:435,-0.6799533,-0.39983168,9.775525"
"378381703729,09:09:38:469,-0.7182605,-0.4309563,9.698911"
"378391713495,09:09:38:475,-0.6488287,-0.4261679,9.782708"
"378401723260,09:09:38:482,-0.6943185,-0.4165911,9.703699"
"378411733026,09:09:38:488,-0.7110779,-0.41180268,9.751583"
"378421742792,09:09:38:494,-0.7278373,-0.45968673,9.763555"
"378431752557,09:09:38:501,-0.7326257,-0.40222588,9.773131"
"378441762323,09:09:38:507,-0.6703765,-0.39025488,9.765948"
"378451772088,09:09:38:513,-0.78290397,-0.37110126,9.713276"
"378662068719,09:09:38:602,-0.6703765,-0.4381389,9.80665"
"378672109002,09:09:38:608,-0.7158663,-0.4261679,9.763555"
"378682118768,09:09:38:615,-0.6775591,-0.48362875,9.775525"
"378692128534,09:09:38:621,-0.7230489,-0.4429273,9.768343"
"378702138299,09:09:38:632,-0.6847417,-0.37588966,9.773131"
"378712148065,09:09:38:640,-0.6895301,-0.4285621,9.80665"
"378762227411,09:09:38:690,-0.6488287,-0.39504328,9.768343"
"378772206659,09:09:38:699,-0.7086837,-0.4405331,9.734824"
"378782216424,09:09:38:710,-0.7110779,-0.37110126,9.847352"
"378792226190,09:09:38:720,-0.6751649,-0.40701428,9.765948"
"378852284784,09:09:38:779,-0.6679823,-0.39504328,9.739613"
"378862294549,09:09:38:790,-0.6655881,-0.4333505,9.694122"
"378872304315,09:09:38:801,-0.6967127,-0.4237737,9.749189"
"378882314081,09:09:38:811,-0.6823475,-0.4309563,9.765948"
"378892323846,09:09:38:821,-0.6871359,-0.4261679,9.734824"
"378902333612,09:09:38:830,-0.7326257,-0.39743748,9.768343"
"378952351922,09:09:38:879,-0.6727707,-0.38067806,9.7803135"
"378962392206,09:09:38:890,-0.6703765,-0.4237737,9.7803135"
"378972401971,09:09:38:900,-0.6991069,-0.4429273,9.727641"
"378982411737,09:09:38:912,-0.58897364,-0.37588966,9.7563715"
"379062550897,09:09:38:996,-0.7517793,-0.34955344,9.768343"
"379072530145,09:09:39:002,-0.7422025,-0.4429273,9.753978"
"379082539911,09:09:39:010,-0.7350199,-0.4357447,9.76116"
"379092549676,09:09:39:022,-0.7278373,-0.45489833,9.727641"
"379102559442,09:09:39:033,-0.6823475,-0.49081135,9.770737"
"379112569208,09:09:39:040,-0.7062895,-0.3854665,9.792285"
"379162618036,09:09:39:090,-0.6464345,-0.30645782,9.785102"
"379172627801,09:09:39:102,-0.6919243,-0.37349546,9.765948"
"379182637567,09:09:39:110,-0.6655881,-0.47165772,9.713276"
"379192677850,09:09:39:121,-0.7613561,-0.49799395,9.787497"
"379262776727,09:09:39:190,-0.6919243,-0.39983168,9.727641"
"379272786493,09:09:39:205,-0.6607997,-0.39025488,9.758766"
"379282765741,09:09:39:212,-0.6775591,-0.4141969,9.737218"
"379292806024,09:09:39:221,-0.6703765,-0.40222588,9.801862"
"379302846307,09:09:39:230,-0.6847417,-0.4309563,9.734824"
"379312856073,09:09:39:240,-0.6871359,-0.4381389,9.765948"
"379352895135,09:09:39:281,-0.61530983,-0.4261679,9.742006"
"379362904901,09:09:39:293,-0.7326257,-0.37588966,9.775525"
"379372914667,09:09:39:301,-0.7422025,-0.39504328,9.768343"
"379382954950,09:09:39:312,-0.7182605,-0.37110126,9.8042555"
"379453023309,09:09:39:382,-0.7038953,-0.35673606,9.725247"
"379463033075,09:09:39:391,-0.6440403,-0.4405331,9.76116"
"379473073358,09:09:39:400,-0.7134721,-0.45729253,9.768343"
"379483052606,09:09:39:410,-0.6775591,-0.36870706,9.78989"
"379493092889,09:09:39:421,-0.6895301,-0.40222588,9.727641"
"379503133172,09:09:39:431,-0.7230489,-0.4405331,9.7084875"
"379543172235,09:09:39:472,-0.7326257,-0.4381389,9.744401"
"379553151483,09:09:39:484,-0.6344634,-0.3878607,9.744401"
"379563161249,09:09:39:492,-0.7182605,-0.45729253,9.737218"
"379573171014,09:09:39:500,-0.6488287,-0.4237737,9.80665"
"380003713006,09:09:39:935,-0.7110779,-0.4333505,9.758766"
"380093800897,09:09:40:023,-0.7493851,-0.4285621,9.722853"
"380133900995,09:09:40:062,-0.6967127,-0.4165911,9.737218"
"380163930292,09:09:40:092,-0.7134721,-0.4165911,9.725247"
"380193959588,09:09:40:122,-0.63206923,-0.39025488,9.720459"
"380203969354,09:09:40:131,-0.6679823,-0.4165911,9.742006"
"380213979120,09:09:40:142,-0.7134721,-0.4285621,9.78989"
"380224019403,09:09:40:152,-0.6775591,-0.36391866,9.8042555"
"380234029168,09:09:40:168,-0.6799533,-0.38067806,9.787497"
"380244038934,09:09:40:178,-0.7302315,-0.37588966,9.7563715"
"380254048700,09:09:40:185,-0.7326257,-0.4357447,9.773131"
"380264058465,09:09:40:192,-0.6775591,-0.37110126,9.739613"
"380334157342,09:09:40:263,-0.6679823,-0.37110126,9.715671"
"380344167108,09:09:40:271,-0.7038953,-0.4405331,9.698911"
"380354176874,09:09:40:283,-0.6703765,-0.3878607,9.739613"
"380364186639,09:09:40:293,-0.7422025,-0.4357447,9.751583"
"380424275751,09:09:40:356,-0.6775591,-0.46686932,9.727641"
"380444264764,09:09:40:372,-0.7493851,-0.41180268,9.701305"
"380454274530,09:09:40:382,-0.7374141,-0.45250413,9.76116"
"380464284295,09:09:40:392,-0.7278373,-0.47644615,9.682152"
"380474294061,09:09:40:402,-0.7469909,-0.33518824,9.739613"
"380484303827,09:09:40:412,-0.62728083,-0.4165911,9.746795"
"380824757928,09:09:40:753,-0.770933,-0.34476504,9.710882"
"380874867792,09:09:40:806,-0.6751649,-0.40701428,9.67018"
"380884877557,09:09:40:818,-0.7374141,-0.4405331,9.749189"
"380904866571,09:09:40:833,-0.6536171,-0.46447513,9.706094"
"380914876336,09:09:40:842,-0.6871359,-0.4381389,9.76116"
"380924916620,09:09:40:859,-0.6512229,-0.39743748,9.76116"
"382136861200,09:09:42:064,-0.6607997,-0.39983168,9.744401"
"382146870965,09:09:42:077,-0.6967127,-0.39264908,9.794679"
"382156880731,09:09:42:084,-0.7254431,-0.39983168,9.718064"
"382166890497,09:09:42:095,-0.6871359,-0.4357447,9.677363"
"382176900262,09:09:42:104,-0.6488287,-0.45489833,9.794679"
"382337087030,09:09:42:267,-0.6560113,-0.39025488,9.773131"
"382367116327,09:09:42:296,-0.6919243,-0.4333505,9.679757"
"382397145624,09:09:42:329,-0.7254431,-0.3878607,9.734824"
"382417195672,09:09:42:347,-0.6823475,-0.3878607,9.672575"
"382437184686,09:09:42:364,-0.7230489,-0.37588966,9.744401"
"382447194452,09:09:42:375,-0.7589619,-0.4333505,9.701305"
"382457204217,09:09:42:384,-0.6775591,-0.38307226,9.718064"
"382467244501,09:09:42:395,-0.6775591,-0.38067806,9.734824"
"382477223749,09:09:42:405,-0.6679823,-0.4405331,9.753978"
"382487264032,09:09:42:415,-0.6440403,-0.39025488,9.744401"
"382497273797,09:09:42:427,-0.7158663,-0.3854665,9.746795"
"382557332391,09:09:42:484,-0.7134721,-0.35194764,9.713276"
"382567372674,09:09:42:495,-0.7541735,-0.47644615,9.722853"
"382577351922,09:09:42:505,-0.63206923,-0.47644615,9.775525"
"382587361688,09:09:42:515,-0.6991069,-0.4285621,9.725247"
"382647450799,09:09:42:575,-0.7015011,-0.46926352,9.758766"
"382657491083,09:09:42:585,-0.7182605,-0.45010993,9.787497"
"382667500848,09:09:42:595,-0.6775591,-0.40940848,9.763555"
"382677510614,09:09:42:606,-0.60094464,-0.45729253,9.720459"
"382687520379,09:09:42:616,-0.6895301,-0.41180268,9.751583"
"382697530145,09:09:42:626,-0.7445967,-0.48123455,9.706094"
"382737660760,09:09:42:667,-0.6919243,-0.4141969,9.737218"
"382747670526,09:09:42:677,-0.6895301,-0.4213795,9.76116"
"382757680292,09:09:42:686,-0.6943185,-0.39025488,9.787497"
"382767690057,09:09:42:695,-0.6727707,-0.49320555,9.763555"
"382837849969,09:09:42:766,-0.7086837,-0.37110126,9.742006"
"382847859735,09:09:42:776,-0.6823475,-0.37828386,9.76116"
"382857869501,09:09:42:785,-0.6751649,-0.46447513,9.713276"
"382867879266,09:09:42:796,-0.7110779,-0.41180268,9.706094"
"382877889032,09:09:42:806,-0.6488287,-0.46686932,9.768343"
"382887898797,09:09:42:815,-0.7182605,-0.39983168,9.746795"
"382957997674,09:09:42:886,-0.6871359,-0.4429273,9.753978"
"382967976922,09:09:42:895,-0.6368576,-0.38307226,9.753978"
"382977986688,09:09:42:905,-0.7038953,-0.37588966,9.770737"
"382987996454,09:09:42:915,-0.641646,-0.4237737,9.768343"
"383058095331,09:09:42:986,-0.7206547,-0.4309563,9.696517"
"383068135614,09:09:42:995,-0.7015011,-0.46926352,9.7563715"
"383078114862,09:09:43:006,-0.6464345,-0.44771573,9.674969"
"383088124627,09:09:43:015,-0.7326257,-0.37588966,9.722853"
"383098164911,09:09:43:029,-0.6703765,-0.45010993,9.722853"
"383108205194,09:09:43:036,-0.7062895,-0.39743748,9.742006"
"383158284540,09:09:43:089,-0.6368576,-0.4285621,9.801862"
"383168294305,09:09:43:095,-0.6631939,-0.3878607,9.744401"
"383178304071,09:09:43:106,-0.6823475,-0.38307226,9.751583"
"383188313836,09:09:43:118,-0.7158663,-0.40222588,9.744401"
"383268391961,09:09:43:197,-0.6967127,-0.35434186,9.7324295"
"383278432245,09:09:43:208,-0.6631939,-0.4237737,9.7563715"
"383288442010,09:09:43:215,-0.7445967,-0.39025488,9.691729"
"383298421258,09:09:43:228,-0.62728083,-0.49320555,9.739613"
"383308461542,09:09:43:237,-0.6751649,-0.4285621,9.730036"
"383318440790,09:09:43:246,-0.6799533,-0.36152446,9.722853"
"383368550653,09:09:43:300,-0.7015011,-0.37349546,9.706094"
"383378560418,09:09:43:307,-0.6536171,-0.4357447,9.751583"
"383388570184,09:09:43:316,-0.7062895,-0.39983168,9.720459"
"383398579950,09:09:43:327,-0.6536171,-0.46686932,9.76116"
"383478658075,09:09:43:406,-0.6871359,-0.39504328,9.703699"
"383488667840,09:09:43:416,-0.6679823,-0.48602295,9.809045"
"383498677606,09:09:43:427,-0.7445967,-0.4261679,9.7563715"
"383508687372,09:09:43:436,-0.7110779,-0.40462008,9.785102"
"383518697137,09:09:43:449,-0.6895301,-0.4213795,9.722853"
"383528706903,09:09:43:457,-0.7158663,-0.41180268,9.746795"
"383578816766,09:09:43:507,-0.7254431,-0.39025488,9.765948"
"383588826532,09:09:43:516,-0.7038953,-0.40701428,9.773131"
"383598836297,09:09:43:528,-0.6655881,-0.45729253,9.763555"
"383608846063,09:09:43:537,-0.6871359,-0.4429273,9.7324295"
"384339864129,09:09:46:631,-0.6631939,-0.3878607,9.758766"
"384349873895,09:09:46:687,-0.6703765,-0.37828386,9.737218"
"384359883661,09:09:46:696,-0.6727707,-0.3854665,9.706094"
"384369893426,09:09:46:702,-0.7038953,-0.45010993,9.710882"
"384379903192,09:09:46:710,-0.6871359,-0.4237737,9.691729"
"384389943475,09:09:46:716,-0.7015011,-0.4165911,9.730036"
"384399922723,09:09:46:722,-0.7326257,-0.3854665,9.682152"
"384409932489,09:09:46:728,-0.6871359,-0.4213795,9.746795"
"384419911737,09:09:46:734,-0.7158663,-0.44771573,9.710882"
"384429921502,09:09:46:740,-0.6871359,-0.39743748,9.713276"
"386820269110,09:09:46:805,-0.6967127,-0.4309563,9.603143"
"387311174872,09:09:47:234,-0.6512229,-0.39264908,9.809045"
"387391314032,09:09:47:313,-0.6775591,-0.4189853,9.65821"
"387421343329,09:09:47:346,-0.6871359,-0.40462008,9.763555"
"387441393377,09:09:47:364,-0.7374141,-0.33518824,9.677363"
"387461412909,09:09:47:384,-0.5650316,-0.40701428,9.763555"
"387471453192,09:09:47:396,-0.61770403,-0.46686932,9.665392"
"387481493475,09:09:47:408,-0.7015011,-0.39743748,9.725247"
"387491403241,09:09:47:422,-0.78290397,-0.41180268,9.720459"
"387501413006,09:09:47:432,-0.7278373,-0.32561144,9.7324295"
"388463113446,09:09:48:385,-0.6943185,-0.39983168,9.703699"
"388473153729,09:09:48:395,-0.6655881,-0.39504328,9.768343"
"388553292889,09:09:48:477,-0.641646,-0.39504328,9.746795"
"388583352704,09:09:48:509,-0.6607997,-0.39504328,9.718064"
"388593362469,09:09:48:518,-0.7134721,-0.4357447,9.809045"
"388603402752,09:09:48:526,-0.7182605,-0.4309563,9.7084875"
"388613412518,09:09:48:535,-0.6703765,-0.4165911,9.698911"
"388623422284,09:09:48:546,-0.60812724,-0.4165911,9.734824"
"388633462567,09:09:48:555,-0.6584055,-0.39743748,9.689334"
"388643472333,09:09:48:565,-0.6895301,-0.46447513,9.725247"
"391367715497,09:09:51:309,-0.7278373,-0.3854665,9.691729"
"391427804608,09:09:51:350,-0.6679823,-0.39504328,9.768343"
"391437814374,09:09:51:359,-0.7086837,-0.41180268,9.739613"
"391447824139,09:09:51:369,-0.7015011,-0.44771573,9.730036"
"391457833905,09:09:51:380,-0.6967127,-0.40940848,9.7084875"
"391467874188,09:09:51:390,-0.6919243,-0.48362875,9.749189"
"391477883954,09:09:51:400,-0.6655881,-0.45729253,9.725247"
"391487893719,09:09:51:410,-0.6919243,-0.39983168,9.775525"
"391497903485,09:09:51:420,-0.7613561,-0.39025488,9.730036"
"391507913251,09:09:51:430,-0.6631939,-0.34715924,9.6845455"
"391638131756,09:09:51:561,-0.6584055,-0.3878607,9.744401"
"391898507733,09:09:51:822,-0.7015011,-0.4357447,9.7563715"
"391968606610,09:09:51:892,-0.6895301,-0.4429273,9.739613"
"391978616376,09:09:51:904,-0.6871359,-0.4261679,9.655815"
"391988626141,09:09:51:914,-0.6464345,-0.4357447,9.742006"
"392008645672,09:09:51:931,-0.7062895,-0.45010993,9.749189"
"392028726239,09:09:51:952,-0.6943185,-0.38067806,9.746795"
"392048745770,09:09:51:971,-0.63206923,-0.44532153,9.727641"
"392058755536,09:09:51:981,-0.6943185,-0.4333505,9.737218"
"392068765301,09:09:51:995,-0.6919243,-0.3878607,9.758766"
"392078775067,09:09:52:001,-0.7254431,-0.40701428,9.730036"
"392920297284,09:09:55:074,-0.7326257,-0.40940848,9.727641"
"392930307049,09:09:55:136,-0.6775591,-0.39264908,9.739613"
"392940377850,09:09:55:143,-0.7469909,-0.45968673,9.701305"
"392950418133,09:09:55:149,-0.7182605,-0.4357447,9.730036"
"392960427899,09:09:55:155,-0.6727707,-0.34476504,9.737218"
"392970468182,09:09:55:161,-0.6703765,-0.41180268,9.698911"
"392980477948,09:09:55:168,-0.6584055,-0.3854665,9.753978"
"392990518231,09:09:55:174,-0.62967503,-0.45010993,9.720459"
"393000558514,09:09:55:180,-0.6368576,-0.36152446,9.720459"
"393010568280,09:09:55:186,-0.7110779,-0.4333505,9.753978"
"395320667743,09:09:55:475,-0.6967127,-0.40222588,9.682152"
"396071827411,09:09:56:130,-0.7134721,-0.4237737,9.718064"
"396081806659,09:09:56:205,-0.7230489,-0.41180268,9.706094"
"396091846942,09:09:56:212,-0.6631939,-0.4165911,9.696517"
"396101856708,09:09:56:218,-0.7445967,-0.45489833,9.677363"
"396111896991,09:09:56:225,-0.62967503,-0.35913026,9.758766"
"396121876239,09:09:56:230,-0.7350199,-0.33518824,9.775525"
"396131916522,09:09:56:237,-0.62967503,-0.36391866,9.722853"
"396141926288,09:09:56:243,-0.6536171,-0.38067806,9.701305"
"396151936053,09:09:56:249,-0.6967127,-0.36631286,9.701305"
"396933094501,09:09:57:044,-0.62009823,-0.35913026,9.744401"
"398525684833,09:09:58:572,-0.6919243,-0.39025488,9.715671"
"398535694598,09:09:58:629,-0.7302315,-0.4213795,9.691729"
"398545734881,09:09:58:634,-0.7685388,-0.4429273,9.722853"
"398555744647,09:09:58:642,-0.6655881,-0.4381389,9.727641"
"398565754413,09:09:58:648,-0.60573304,-0.40940848,9.768343"
"398575794696,09:09:58:655,-0.6488287,-0.46447513,9.7324295"
"398585773944,09:09:58:662,-0.7062895,-0.38067806,9.725247"
"398595814227,09:09:58:667,-0.7062895,-0.45010993,9.6845455"
"398605793475,09:09:58:673,-0.6943185,-0.36870706,9.727641"
"398615803241,09:09:58:679,-0.7254431,-0.41180268,9.78989"
"402151203631,09:10:02:128,-0.6392518,-0.4237737,9.701305"
"402161182879,09:10:02:136,-0.6871359,-0.4261679,9.689334"
"402171223163,09:10:02:144,-0.6895301,-0.39504328,9.734824"
"402181232928,09:10:02:152,-0.7086837,-0.39983168,9.696517"
"402191242694,09:10:02:158,-0.6655881,-0.39025488,9.7563715"
"402201252460,09:10:02:164,-0.6823475,-0.4213795,9.734824"
"402211292743,09:10:02:170,-0.7493851,-0.39983168,9.734824"
"402221302508,09:10:02:176,-0.6871359,-0.4189853,9.773131"
"402231312274,09:10:02:182,-0.7278373,-0.47644615,9.698911"
"402241322040,09:10:02:189,-0.7110779,-0.36152446,9.758766"
"402311542987,09:10:02:237,-0.641646,-0.40222588,9.787497"
"402411671161,09:10:02:334,-0.7302315,-0.3854665,9.665392"
"402421680926,09:10:02:344,-0.7374141,-0.40222588,9.730036"
"402431721210,09:10:02:354,-0.7493851,-0.45010993,9.730036"
"402441730975,09:10:02:364,-0.7493851,-0.34476504,9.727641"
"402451771258,09:10:02:374,-0.7110779,-0.4189853,9.725247"
"402461781024,09:10:02:385,-0.6967127,-0.40940848,9.749189"
"402471851825,09:10:02:395,-0.6512229,-0.33039984,9.753978"
"402481861590,09:10:02:404,-0.6775591,-0.39504328,9.720459"
"402491901874,09:10:02:414,-0.7302315,-0.4333505,9.722853"
"402511890887,09:10:02:435,-0.6703765,-0.39743748,9.67018"
"402602009295,09:10:02:525,-0.6847417,-0.40222588,9.694122"
"402612019061,09:10:02:538,-0.63206923,-0.40222588,9.737218"
"402622028827,09:10:02:556,-0.7086837,-0.4141969,9.715671"
"402632008075,09:10:02:562,-0.641646,-0.45250413,9.737218"
"402642048358,09:10:02:569,-0.6871359,-0.41180268,9.6845455"
"402652058124,09:10:02:575,-0.7326257,-0.39983168,9.713276"
"402662098407,09:10:02:585,-0.7278373,-0.3878607,9.725247"
"402672108172,09:10:02:595,-0.6584055,-0.4261679,9.737218"
"402682178973,09:10:02:605,-0.6679823,-0.35673606,9.7324295"
"402702198504,09:10:02:625,-0.7062895,-0.4141969,9.76116"
"402792286395,09:10:02:717,-0.6847417,-0.40940848,9.710882"
"402802357196,09:10:02:741,-0.6871359,-0.39983168,9.80665"
"402812336444,09:10:02:750,-0.641646,-0.4357447,9.787497"
"402822346210,09:10:02:759,-0.6655881,-0.33039984,9.706094"
"402832325458,09:10:02:767,-0.6751649,-0.38067806,9.785102"
"402842365741,09:10:02:775,-0.7278373,-0.39264908,9.775525"
"402852375506,09:10:02:781,-0.6751649,-0.35434186,9.674969"
"402862415790,09:10:02:787,-0.7302315,-0.39983168,9.76116"
"402872395038,09:10:02:795,-0.7302315,-0.4357447,9.68694"
"405886616229,09:10:05:813,-0.7134721,-0.3878607,9.689334"
"405896625995,09:10:05:823,-0.6775591,-0.3878607,9.751583"
"405906635760,09:10:05:832,-0.6895301,-0.40701428,9.713276"
"405916645526,09:10:05:840,-0.6560113,-0.4213795,9.782708"
"405926655292,09:10:05:850,-0.6344634,-0.35434186,9.698911"
"405936665057,09:10:05:863,-0.7158663,-0.36391866,9.713276"
"405946674823,09:10:05:870,-0.6607997,-0.5291186,9.737218"
"405956684588,09:10:05:879,-0.6727707,-0.4189853,9.730036"
"405966694354,09:10:05:896,-0.7254431,-0.44771573,9.7324295"
"405976734637,09:10:05:902,-0.7445967,-0.44532153,9.6845455"
"406397236346,09:10:06:508,-0.641646,-0.4429273,9.710882"
"406417255877,09:10:06:602,-0.7158663,-0.40940848,9.710882"
"406427265643,09:10:06:610,-0.62728083,-0.37828386,9.746795"
"406437275409,09:10:06:618,-0.7158663,-0.40940848,9.763555"
"406447285174,09:10:06:629,-0.6344634,-0.44771573,9.703699"
"406457294940,09:10:06:637,-0.7038953,-0.47644615,9.746795"
"406467304706,09:10:06:643,-0.6871359,-0.37588966,9.698911"
"406477344989,09:10:06:649,-0.7350199,-0.40701428,9.758766"
"406487354754,09:10:06:655,-0.6703765,-0.37828386,9.76116"
"406497364520,09:10:06:661,-0.61530983,-0.4141969,9.725247"
"406607441424,09:10:06:692,-0.7469909,-0.36870706,9.751583"
"407107929706,09:10:07:032,-0.7110779,-0.37828386,9.710882"
"407117969989,09:10:07:041,-0.6727707,-0.4357447,9.696517"
"407127979754,09:10:07:051,-0.6871359,-0.4237737,9.749189"
"407137989520,09:10:07:060,-0.6895301,-0.4405331,9.689334"
"407147968768,09:10:07:071,-0.6871359,-0.39504328,9.749189"
"407158009051,09:10:07:081,-0.6727707,-0.33039984,9.725247"
"407168018817,09:10:07:091,-0.6823475,-0.4237737,9.734824"
"407178059100,09:10:07:101,-0.7110779,-0.35673606,9.737218"
"407188038348,09:10:07:111,-0.6464345,-0.4213795,9.698911"
"407728626727,09:10:07:652,-0.6967127,-0.44532153,9.7324295"
"408238880633,09:10:08:276,-0.6919243,-0.4165911,9.68694"
"408248890399,09:10:08:353,-0.6536171,-0.46686932,9.727641"
"408258900165,09:10:08:359,-0.6871359,-0.4333505,9.710882"
"408268909930,09:10:08:371,-0.60094464,-0.4309563,9.64145"
"408278950213,09:10:08:379,-0.7302315,-0.38307226,9.7324295"
"408288959979,09:10:08:385,-0.6655881,-0.44532153,9.706094"
"408298969745,09:10:08:393,-0.7422025,-0.4189853,9.725247"
"408309010028,09:10:08:401,-0.6751649,-0.44771573,9.753978"
"408318989276,09:10:08:407,-0.6560113,-0.4285621,9.694122"
"408328999042,09:10:08:414,-0.6871359,-0.41180268,9.813833"
"408499073504,09:10:08:487,-0.6919243,-0.40222588,9.811439"
"408509083270,09:10:08:493,-0.6847417,-0.46926352,9.725247"
"408659229754,09:10:08:582,-0.6775591,-0.49799395,9.710882"
"408669239520,09:10:08:600,-0.7398083,-0.39025488,9.718064"
"408679249286,09:10:08:606,-0.6751649,-0.34715924,9.773131"
"408689289569,09:10:08:612,-0.6512229,-0.4285621,9.718064"
"408699299335,09:10:08:622,-0.7350199,-0.4261679,9.7563715"
"408709339618,09:10:08:632,-0.6751649,-0.37588966,9.727641"
"408719318866,09:10:08:642,-0.7230489,-0.4381389,9.727641"
"408729328631,09:10:08:652,-0.6679823,-0.46686932,9.701305"
"408749348163,09:10:08:673,-0.7422025,-0.38067806,9.785102"
"408759357928,09:10:08:682,-0.7326257,-0.40222588,9.768343"
"408859455585,09:10:08:784,-0.7230489,-0.4429273,9.7084875"
"408869434833,09:10:08:797,-0.7182605,-0.4285621,9.749189"
"408879444598,09:10:08:805,-0.7134721,-0.37588966,9.787497"
"408889454364,09:10:08:812,-0.6847417,-0.40701428,9.801862"
"408899433612,09:10:08:822,-0.60573304,-0.45010993,9.787497"
"408909473895,09:10:08:832,-0.6655881,-0.45010993,9.689334"
"408919453143,09:10:08:842,-0.7158663,-0.4285621,9.768343"
"408929432391,09:10:08:852,-0.6799533,-0.45729253,9.742006"
"408949451922,09:10:08:878,-0.6703765,-0.4189853,9.730036"
"408959492206,09:10:08:887,-0.7062895,-0.46208093,9.677363"
"409049549579,09:10:08:972,-0.7086837,-0.45729253,9.737218"
"409059559344,09:10:08:983,-0.7230489,-0.38307226,9.828198"
"409069569110,09:10:08:993,-0.7278373,-0.3854665,9.758766"
"409079639911,09:10:09:003,-0.7182605,-0.39983168,9.797073"
"409089619159,09:10:09:012,-0.7182605,-0.37349546,9.691729"
"409099659442,09:10:09:023,-0.6871359,-0.39743748,9.722853"
"409109638690,09:10:09:032,-0.6751649,-0.38307226,9.722853"
"409119648456,09:10:09:043,-0.7541735,-0.39025488,9.696517"
"409149647235,09:10:09:075,-0.6943185,-0.48123455,9.737218"
"409159657001,09:10:09:083,-0.6631939,-0.40222588,9.672575"
"409259754657,09:10:09:183,-0.6536171,-0.38067806,9.7084875"
"409269764422,09:10:09:193,-0.6512229,-0.4189853,9.672575"
"409279774188,09:10:09:203,-0.6919243,-0.4213795,9.722853"
"409289753436,09:10:09:213,-0.6871359,-0.47884035,9.794679"
"409299763202,09:10:09:223,-0.6512229,-0.36391866,9.782708"
"409309772967,09:10:09:233,-0.6991069,-0.4213795,9.753978"
"409319782733,09:10:09:242,-0.6847417,-0.41180268,9.718064"
"409329761981,09:10:09:253,-0.7206547,-0.44532153,9.763555"
"409349812030,09:10:09:273,-0.6895301,-0.44532153,9.696517"
"409359821795,09:10:09:283,-0.6727707,-0.4381389,9.768343"
"410120502948,09:10:10:373,-0.6895301,-0.46208093,9.7803135"
"410130512713,09:10:10:454,-0.6799533,-0.41180268,9.78989"
"410140522479,09:10:10:460,-0.6584055,-0.40462008,9.7324295"
"410150532245,09:10:10:465,-0.7350199,-0.46208093,9.816227"
"410160542010,09:10:10:471,-0.63206923,-0.40701428,9.746795"
"410170551776,09:10:10:477,-0.6847417,-0.46208093,9.76116"
"410180592059,09:10:10:483,-0.6871359,-0.4357447,9.744401"
"410190601825,09:10:10:489,-0.6727707,-0.4141969,9.710882"
"410200642108,09:10:10:495,-0.59136784,-0.39504328,9.7563715"
"410210621356,09:10:10:503,-0.6727707,-0.44771573,9.710882"
"410220631122,09:10:11:909,-0.6895301,-0.37349546,9.720459"
"412449095966,09:10:14:047,-0.61530983,-0.4429273,9.725247"
"412459105731,09:10:14:138,-0.7110779,-0.3854665,9.770737"
"412469115497,09:10:14:145,-0.7278373,-0.5386954,9.6845455"
"412479125262,09:10:14:152,-0.6823475,-0.39264908,9.727641"
"412489165546,09:10:14:158,-0.6727707,-0.4357447,9.703699"
"412499205829,09:10:14:164,-0.61052144,-0.46926352,9.722853"
"412509185077,09:10:14:169,-0.7015011,-0.41180268,9.7324295"
"412519194843,09:10:14:176,-0.6512229,-0.39743748,9.765948"
"412529204608,09:10:14:184,-0.6799533,-0.40222588,9.727641"
"412539214374,09:10:14:195,-0.6679823,-0.44532153,9.701305"
"414963759930,09:10:14:904,-0.62728083,-0.4381389,9.701305"
"415053939374,09:10:14:983,-0.6799533,-0.4309563,9.648633"
"415063949139,09:10:15:002,-0.6392518,-0.4333505,9.65821"
"415073958905,09:10:15:011,-0.6919243,-0.38067806,9.739613"
"415083968671,09:10:15:020,-0.7206547,-0.3854665,9.689334"
"415093978436,09:10:15:029,-0.6943185,-0.39025488,9.734824"
"415104049237,09:10:15:038,-0.7302315,-0.3878607,9.653421"
"415114089520,09:10:15:045,-0.7733272,-0.4381389,9.751583"
"415124099286,09:10:15:053,-0.7422025,-0.4333505,9.730036"
"415134109051,09:10:15:062,-0.6751649,-0.4381389,9.6845455"
"415855269940,09:10:15:785,-0.7230489,-0.49081135,9.648633"
"416316024335,09:10:16:247,-0.6584055,-0.35673606,9.703699"
"416326064618,09:10:16:254,-0.6991069,-0.4261679,9.672575"
"416336074384,09:10:16:265,-0.7493851,-0.44532153,9.8042555"
"416346084149,09:10:16:275,-0.6488287,-0.4333505,9.797073"
"416356093915,09:10:16:285,-0.6536171,-0.46208093,9.629479"
"416476302655,09:10:16:406,-0.6847417,-0.36391866,9.7324295"
"416526412518,09:10:16:455,-0.641646,-0.48362875,9.653421"
"416556441815,09:10:16:485,-0.7493851,-0.40222588,9.773131"
"416576461346,09:10:16:505,-0.6751649,-0.4405331,9.775525"
"416586471112,09:10:16:517,-0.6943185,-0.39504328,9.811439"
"416596480878,09:10:16:531,-0.7230489,-0.39025488,9.787497"
"416606490643,09:10:16:551,-0.7422025,-0.36631286,9.646238"
"416616530926,09:10:16:559,-0.6679823,-0.41180268,9.730036"
"416626510175,09:10:16:568,-0.6871359,-0.39743748,9.775525"
"416636519940,09:10:16:575,-0.6823475,-0.44532153,9.78989"
"416656539471,09:10:16:587,-0.6655881,-0.45729253,9.653421"
"416666549237,09:10:16:595,-0.6871359,-0.38067806,9.768343"
"416756606610,09:10:16:686,-0.7493851,-0.48362875,9.742006"
"416776626141,09:10:16:705,-0.6991069,-0.4333505,9.722853"
"416786635907,09:10:16:715,-0.62728083,-0.4309563,9.734824"
"416796615155,09:10:16:726,-0.6919243,-0.49320555,9.720459"
"416806624921,09:10:16:736,-0.6584055,-0.48362875,9.794679"
"416816634686,09:10:16:745,-0.6679823,-0.37588966,9.749189"
"416826644452,09:10:16:756,-0.7254431,-0.4213795,9.730036"
"416836654218,09:10:16:766,-0.6847417,-0.44771573,9.734824"
"416846663983,09:10:16:775,-0.6631939,-0.4285621,9.713276"
"416856673749,09:10:16:785,-0.7158663,-0.4285621,9.701305"
"416946700604,09:10:16:876,-0.7158663,-0.3878607,9.911995"
"416956710370,09:10:16:890,-0.6991069,-0.4213795,9.689334"
"416966689618,09:10:16:899,-0.6368576,-0.39983168,9.605537"
"416976668866,09:10:16:907,-0.6488287,-0.40462008,9.811439"
"416986709149,09:10:16:916,-0.7589619,-0.37349546,9.864111"
"416996688397,09:10:16:926,-0.6631939,-0.35194764,9.674969"
"417006698163,09:10:16:935,-0.6823475,-0.5602432,9.469068"
"417016707928,09:10:16:945,-0.7038953,-0.34715924,9.878476"
"417036727460,09:10:16:967,-0.7541735,-0.33997664,9.579201"
"417046706708,09:10:16:976,-0.6703765,-0.4429273,9.598354"
"417437179120,09:10:17:366,-0.6991069,-0.4357447,9.782708"
"417487227948,09:10:17:416,-0.6895301,-0.40462008,9.753978"
"417497268231,09:10:17:426,-0.6584055,-0.4165911,9.713276"
"417507308514,09:10:17:436,-0.641646,-0.39743748,9.734824"
"417517318280,09:10:17:451,-0.6943185,-0.45489833,9.768343"
"417537368329,09:10:17:466,-0.6488287,-0.37588966,9.720459"
"417547408612,09:10:17:476,-0.6607997,-0.47165772,9.727641"
"417557418378,09:10:17:492,-0.6392518,-0.41180268,9.787497"
"417567428143,09:10:17:498,-0.6895301,-0.4357447,9.7803135"
"417577437909,09:10:17:506,-0.6584055,-0.4141969,9.739613"
"417587478192,09:10:17:516,-0.7374141,-0.4285621,9.753978"
"417657516034,09:10:17:587,-0.6464345,-0.4189853,9.725247"
"417667525800,09:10:17:596,-0.6631939,-0.50517654,9.65821"
"417677535565,09:10:17:607,-0.7134721,-0.35434186,9.876082"
"417687545331,09:10:17:616,-0.59615624,-0.39264908,9.722853"
"417697585614,09:10:17:627,-0.7350199,-0.4429273,9.581595"
"418198226483,09:10:18:353,-0.7110779,-0.33997664,9.713276"
"418208205731,09:10:18:439,-0.6871359,-0.4189853,9.718064"
"418218246014,09:10:18:446,-0.7038953,-0.40222588,9.785102"
"418228255780,09:10:18:453,-0.61052144,-0.48362875,9.775525"
"418238265546,09:10:18:461,-0.6895301,-0.40222588,9.677363"
"418248244794,09:10:18:472,-0.7134721,-0.40222588,9.77792"
"418258285077,09:10:18:481,-0.82121116,-0.33758244,9.730036"
"418268294843,09:10:18:489,-0.6727707,-0.39264908,9.677363"
"418278304608,09:10:18:498,-0.6607997,-0.50278234,9.7084875"
"418288283856,09:10:18:506,-0.6536171,-0.49081135,9.7324295"
"418438257587,09:10:18:538,-0.6727707,-0.4237737,9.713276"
"418678675067,09:10:18:631,-0.58897364,-0.5291186,9.677363"
"418698725116,09:10:18:642,-0.7565677,-0.38307226,9.722853"
"418708734882,09:10:18:648,-0.7445967,-0.32321724,9.763555"
"418718714130,09:10:18:654,-0.6536171,-0.39025488,9.665392"
"418728723895,09:10:18:661,-0.6512229,-0.46686932,9.763555"
"418738764178,09:10:18:676,-0.5722142,-0.4429273,9.713276"
"418748773944,09:10:18:682,-0.6847417,-0.37110126,9.7084875"
"418758783710,09:10:18:691,-0.79966336,-0.4141969,9.797073"
"418768793475,09:10:18:701,-0.80924016,-0.4285621,9.696517"
"418798822772,09:10:18:732,-0.6727707,-0.51475334,9.758766"
"418888971698,09:10:18:822,-0.6943185,-0.36391866,9.706094"
"418898981464,09:10:18:832,-0.62249243,-0.34955344,9.753978"
"418909052264,09:10:18:842,-0.6607997,-0.45010993,9.7803135"
"418919092548,09:10:18:851,-0.6727707,-0.50757074,9.68694"
"418929071796,09:10:18:864,-0.7541735,-0.31364042,9.722853"
"418939081561,09:10:18:874,-0.6847417,-0.34237084,9.765948"
"418949091327,09:10:18:881,-0.5530606,-0.37110126,9.662998"
"418959131610,09:10:18:891,-0.62967503,-0.40462008,9.672575"
"418969141376,09:10:18:901,-0.7158663,-0.3854665,9.701305"
"418989160907,09:10:18:922,-0.7326257,-0.48602295,9.689334"
"419079309833,09:10:19:013,-0.6679823,-0.3878607,9.830592"
"419089319598,09:10:19:023,-0.7350199,-0.38067806,9.706094"
"419099359882,09:10:19:033,-0.6775591,-0.37110126,9.746795"
"419109400165,09:10:19:042,-0.62009823,-0.44771573,9.768343"
"419119409930,09:10:19:052,-0.641646,-0.4333505,9.775525"
"419129419696,09:10:19:062,-0.7015011,-0.37828386,9.7084875"
"419139429462,09:10:19:072,-0.6943185,-0.49081135,9.713276"
"419149439227,09:10:19:082,-0.7278373,-0.4237737,9.797073"
"419159448993,09:10:19:093,-0.60812724,-0.39743748,9.730036"
"419179468524,09:10:19:112,-0.7038953,-0.4285621,9.751583"
"419269617450,09:10:19:204,-0.6919243,-0.4381389,9.701305"
"419279627216,09:10:19:215,-0.6536171,-0.49799395,9.77792"
"419289636981,09:10:19:222,-0.6655881,-0.4285621,9.76116"
"419299646747,09:10:19:233,-0.6943185,-0.41180268,9.696517"
"419309717548,09:10:19:242,-0.7038953,-0.39504328,9.734824"
"419319727313,09:10:19:252,-0.6631939,-0.4309563,9.730036"
"419329737079,09:10:19:267,-0.61291564,-0.4141969,9.792285"
"419339777362,09:10:19:273,-0.6560113,-0.46447513,9.730036"
"419349817645,09:10:19:283,-0.6823475,-0.30406362,9.703699"
"419369806659,09:10:19:305,-0.7469909,-0.4285621,9.722853"
"419900354755,09:10:19:833,-0.6943185,-0.4213795,9.739613"
"419910425555,09:10:19:843,-0.7493851,-0.40940848,9.763555"
"419920435321,09:10:19:854,-0.7206547,-0.35194764,9.706094"
"419930445087,09:10:19:864,-0.63206923,-0.44771573,9.765948"
"419940485370,09:10:19:873,-0.62249243,-0.44771573,9.725247"
"419950464618,09:10:19:883,-0.6703765,-0.46926352,9.746795"
"419960474384,09:10:19:893,-0.7230489,-0.3878607,9.749189"
"419970484149,09:10:19:903,-0.7445967,-0.37110126,9.713276"
"419980493915,09:10:19:913,-0.7445967,-0.3878607,9.758766"
"419990503680,09:10:19:923,-0.6895301,-0.40940848,9.737218"
"420020563495,09:10:19:953,-0.6775591,-0.545878,9.720459"
"420110651385,09:10:20:044,-0.8523358,-0.35194764,9.742006"
"420120661151,09:10:20:056,-0.89064306,-0.34955344,9.818622"
"420130701434,09:10:20:065,-0.82360536,-0.36391866,9.722853"
"420140680682,09:10:20:073,-0.6464345,-0.4381389,9.694122"
"420150690448,09:10:20:083,-0.80445176,-0.60094464,9.56723"
"420160700214,09:10:20:093,-0.9504981,-0.18435353,9.624691"
"420170709979,09:10:20:104,-0.7158663,-0.320823,9.615114"
"420180750262,09:10:20:113,-0.61530983,-0.32561144,9.825804"
"420190729510,09:10:20:124,-0.7757214,-0.48123455,9.689334"
"420220758807,09:10:20:154,-0.7015011,-0.24660277,9.703699"
"420310907733,09:10:20:245,-0.7206547,-0.320823,9.672575"
"420320917499,09:10:20:259,-0.78050977,-0.39743748,9.660604"
"420330927264,09:10:20:269,-0.7182605,-0.40222588,9.751583"
"420340937030,09:10:20:276,-0.6895301,-0.38067806,9.76116"
"420350946796,09:10:20:283,-0.6823475,-0.40940848,9.722853"
"420360987079,09:10:20:293,-0.6607997,-0.5482722,9.720459"
"420370966327,09:10:20:303,-0.81881696,-0.33518824,9.67018"
"420381006610,09:10:20:316,-0.7757214,-0.40462008,9.835381"
"420391046893,09:10:20:326,-0.78769237,-0.34715924,9.7084875"
"420411127460,09:10:20:344,-0.6607997,-0.40462008,9.758766"
"421122339618,09:10:21:056,-0.7445967,-0.4357447,9.849746"
"421132349384,09:10:21:067,-0.6584055,-0.5291186,9.718064"
"421142359149,09:10:21:077,0.17238252,-0.58657944,7.4986396"
"421152368915,09:10:21:085,-1.6448165,-0.047884032,4.876989"
"421162378680,09:10:21:095,-0.90500826,0.30885202,9.112331"
"421172388446,09:10:21:105,-0.7038953,-3.2848446,9.054871"
"421182398212,09:10:21:115,0.60573304,1.5753847,16.067488"
"421192407977,09:10:21:125,0.33518824,0.533907,9.540894"
"421202417743,09:10:21:136,-0.6895301,-1.4987702,8.698134"
"421212427509,09:10:21:145,-1.4891934,-1.472434,8.008605"
"423995157245,09:10:23:931,1.9895816,-5.3558292,-0.94092125"
"424005167011,09:10:23:949,1.5945383,-3.3877954,0.45010993"
"424015176776,09:10:23:963,0.2873042,-0.8643068,2.7150247"
"424025217059,09:10:23:974,-1.697489,1.352724,6.3829417"
"424035196307,09:10:23:982,-3.4117374,3.4859576,8.954314"
"424045206073,09:10:23:995,-4.4939165,5.861006,10.649409"
"424055215839,09:10:24:001,-4.7429137,7.441179,12.378023"
"424065225604,09:10:24:009,-4.4915223,8.073248,13.273455"
"424075235370,09:10:24:015,-4.0533834,7.896077,13.941437"
"424085245136,09:10:24:030,-2.3654714,7.144298,14.226347"
"424125314716,09:10:24:063,-5.8226986,8.973468,17.96609"
"424405801776,09:10:24:343,0.78290397,6.4739213,8.599973"
"424415811542,09:10:24:350,1.2545617,5.853823,8.626308"
"424425821307,09:10:24:374,1.8842367,5.3247046,8.499416"
"424435831073,09:10:24:379,2.4037786,5.1475334,8.281544"
"424445840839,09:10:24:387,2.8203697,4.8698063,7.7811556"
"424455850604,09:10:24:407,3.241749,4.3766007,7.16824"
"424465890887,09:10:24:413,3.6870706,3.58412,5.9519854"
"424475870136,09:10:24:428,3.8762126,2.695871,4.88896"
"424485879901,09:10:24:434,4.297592,1.5490485,3.6032736"
"425156564716,09:10:25:097,3.8283286,3.0909145,-0.89543146"
"426858621600,09:10:26:796,2.3223755,5.758055,7.491457"
"426868631366,09:10:26:814,2.5330653,5.753267,7.8649526"
"426878641132,09:10:26:820,2.5210943,5.5737014,7.575254"
"426888650897,09:10:26:826,2.504335,5.279215,7.5441294"
"426898660663,09:10:26:834,2.6072857,5.12838,7.477092"
"426908670428,09:10:26:849,2.930503,4.7668557,6.6391215"
"426918710712,09:10:26:858,3.2992098,4.426879,5.803545"
"426928720477,09:10:26:865,3.6415808,3.9839516,4.7788267"
"426938730243,09:10:26:873,3.9336734,3.5482068,3.7541082"
"426948770526,09:10:26:883,4.3478703,3.4524388,2.719813"
"427249094012,09:10:27:186,-0.5243302,0.8738836,8.324639"
"427439188007,09:10:27:376,-9.514558,6.9958572,13.31655"
"427449197772,09:10:27:384,-8.7292595,6.5457473,12.720393"
"427459207538,09:10:27:400,-8.046912,5.896919,12.2559185"
"427629312518,09:10:27:564,1.3742718,2.6264393,9.569624"
"427829477313,09:10:27:767,5.437232,-0.94570965,1.6496049"
"427839487079,09:10:27:777,5.753267,0.60812724,3.6343982"
"427849496845,09:10:27:786,5.0661306,1.8052281,4.3358994"
"427859506610,09:10:27:802,3.5410242,1.745373,4.498705"
"427869516376,09:10:27:812,2.0159178,2.3774424,5.0613422"
"428519968036,09:10:28:526,3.1531637,4.232949,-5.279215"
"429911325458,09:10:29:847,2.6024973,4.0174704,-1.9752164"
"429921335223,09:10:29:857,3.4835634,3.5482068,-1.1803415"
"429931344989,09:10:29:866,4.2305546,3.2824504,-1.0749966"
"429941354755,09:10:29:876,4.465186,2.920926,-0.32561144"
"429951395038,09:10:29:886,5.0541596,2.1763294,0.59615624"
"429961404803,09:10:29:896,5.9759274,1.2090719,1.1252748"
"429971414569,09:10:29:906,6.2392898,0.33518824,1.5777789"
"430001443866,09:10:29:936,4.259285,1.4221559,3.9001546"
"430021463397,09:10:29:957,-0.29448682,2.5474305,6.6846113"
"430031473163,09:10:29:966,-3.1555579,3.821146,9.030929"
"430141580585,09:10:30:080,-11.882423,11.537658,2.7341783"
"430151590350,09:10:30:089,-10.453085,11.702858,2.5306711"
"430161600116,09:10:30:105,-9.200917,11.868058,2.9879637"
"430171609882,09:10:30:118,-7.989451,11.465832,2.920926"
"430361795428,09:10:30:337,0.9792285,3.8618474,0.10055647"
"430371835712,09:10:30:370,0.02873042,4.187459,1.2306197"
"430381814960,09:10:30:391,-1.2880806,4.5154643,2.834735"
"430391824725,09:10:30:399,-2.3175871,5.267244,5.1140146"
"430401834491,09:10:30:413,-3.739743,6.14831,7.393295"
"430411844257,09:10:30:421,-5.959168,7.740454,9.610326"
"430421915057,09:10:30:432,-8.444349,9.878476,10.795456"
"430431894305,09:10:30:468,-10.532093,12.375628,10.903194"
"430441904071,09:10:30:477,-12.926295,14.188039,10.54167"
"430451913837,09:10:30:484,-13.891158,14.942213,9.94312"
"430542032245,09:10:30:533,-7.7069354,10.5440645,2.5881321"
"430572031024,09:10:30:563,-4.9536033,8.276755,0.34237084"
"430582040790,09:10:30:570,-3.8642416,8.001422,0.088585466"
"430592050555,09:10:30:577,-2.645593,7.2113357,-1.127669"
"430602090839,09:10:30:584,-1.4700398,6.991069,-1.7501614"
"430612070087,09:10:30:591,-0.878672,7.041347,-2.2936451"
"430702157977,09:10:30:684,1.163582,5.628768,-3.4620156"
"430712167743,09:10:30:718,1.2785037,5.693412,-3.3973722"
"430722238544,09:10:30:729,1.1300632,5.638345,-3.1747115"
"430732248309,09:10:30:736,0.8403648,5.130774,-2.6384103"
"430792337421,09:10:30:769,-4.4843397,8.65025,3.478775"
"430802347186,09:10:30:783,-5.5521536,10.125079,5.1786585"
"430812356952,09:10:30:810,-6.5481415,11.374852,6.969521"
"430822366718,09:10:30:861,-7.3310456,12.703634,8.846576"
"430832376483,09:10:30:875,-7.809886,13.642161,9.856929"
"430842386249,09:10:30:889,-8.324639,13.958196,10.163386"
"431332925800,09:10:31:268,-3.4045548,8.207323,0.08619126"
"431653390887,09:10:31:588,-4.4005427,8.846576,1.4197617"
"431663400653,09:10:31:598,-4.297592,8.815451,1.3311762"
"431673410419,09:10:31:608,-4.321534,8.664616,1.2234371"
"431683420184,09:10:31:618,-4.4436383,8.611943,1.4413095"
"431893716815,09:10:31:828,-4.3646297,8.623915,1.8339585"
"431953775409,09:10:31:888,-4.3742065,8.564059,1.508347"
"432123971942,09:10:32:058,-4.402937,8.540117,1.5658079"
"432133981708,09:10:32:068,-4.3957543,8.497022,1.5753847"
"432143991473,09:10:32:078,-4.355053,8.566454,1.6376339"
"432154001239,09:10:32:098,-4.2904096,8.542512,1.5729905"
"432164041522,09:10:32:107,-4.0892963,8.477868,1.4987702"
"432174051288,09:10:32:129,-4.086902,8.413225,1.3742718"
"432184091571,09:10:32:141,-4.110844,8.4587145,1.4580688"
"432194070819,09:10:32:151,-4.048595,8.532935,1.4293385"
"432204080585,09:10:32:164,-3.9600096,8.540117,1.4077905"
"432734933856,09:10:32:669,-4.2880154,8.698134,1.7357962"
"432794992450,09:10:32:736,-4.06296,8.808268,2.0278888"
"432805002216,09:10:32:757,-4.0701427,8.8777,2.1691468"
"432814981464,09:10:32:767,-4.036624,8.983045,2.4013844"
"432825021747,09:10:32:774,-4.0318356,9.006987,2.621651"
"432835031512,09:10:32:781,-4.122815,9.150639,2.96881"
"432845041278,09:10:32:789,-4.2305546,9.332599,3.2561142"
"432855051044,09:10:32:796,-4.390966,9.32781,3.2752678"
"432865060809,09:10:32:802,-4.4603977,9.16261,3.0885203"
"432875070575,09:10:32:811,-4.5537715,8.911219,2.566584"
"432905130389,09:10:32:841,-4.465186,8.377312,0.059855044"
"433035287860,09:10:32:970,-7.03177,13.615825,7.8529816"
"433045297626,09:10:32:980,-7.1945763,13.632585,6.9360023"
"433055307391,09:10:32:991,-7.029376,12.955026,6.38773"
"433065317157,09:10:33:008,-6.8665705,12.466608,5.8203044"
"433075326923,09:10:33:014,-6.631939,12.016499,5.437232"
"433085336688,09:10:33:021,-6.4284315,11.717223,5.197812"
"433095346454,09:10:33:035,-6.1076083,11.329363,5.0278234"
"433105386737,09:10:33:042,-5.9998693,11.075577,4.721366"
"433115365985,09:10:33:054,-5.9663506,10.8864355,4.0198646"
"433135385516,09:10:33:070,-3.9001546,9.574412,1.5586253"
"433585916522,09:10:33:520,-0.05746084,5.9400144,0.095768064"
"433646036151,09:10:33:580,3.8402996,1.9871874,-4.7860093"
"433676126483,09:10:33:612,4.2999864,-0.7302315,-2.9161377"
"433686136249,09:10:33:666,4.177882,-0.7350199,-0.30885202"
"433696146014,09:10:33:673,4.7884035,-1.4173675,2.3822308"
"433706186298,09:10:33:682,6.3063273,-2.4708161,4.924873"
"433716196063,09:10:33:691,7.7428484,-2.9113493,7.728483"
"433726266864,09:10:33:698,8.695741,-2.9257145,10.802638"
"433736276630,09:10:33:706,8.930372,-3.301604,13.63019"
"433746286395,09:10:33:713,8.695741,-3.4356794,15.380352"
"433756296161,09:10:33:723,7.445967,-3.4237084,12.595895"
"433836404803,09:10:33:771,0.2825158,0.7541735,8.475474"
"433956552509,09:10:33:896,-6.1938,2.9831753,11.077971"
"433966562274,09:10:33:921,-6.6965823,3.6176388,12.349293"
"433976572040,09:10:33:931,-6.7492547,4.3957543,12.998121"
"433986612323,09:10:33:944,-6.9719152,4.307169,13.022063"
"434176919940,09:10:34:111,-10.201694,4.1635165,14.137761"
"434186929706,09:10:34:130,-8.875306,2.408567,14.645331"
"434196939471,09:10:34:144,-7.560889,1.5155296,14.626178"
"434206949237,09:10:34:151,-6.8905125,0.2681506,14.896723"
"434216959003,09:10:34:190,-6.289568,-1.3670892,15.507244"
"434226968768,09:10:34:205,-4.661511,-2.8682537,15.83525"
"434256998065,09:10:34:240,0.6607997,-6.4882865,17.23107"
"434267007831,09:10:34:250,2.5187001,-7.5106106,16.043545"
"434277017596,09:10:34:262,3.9576154,-8.027759,14.609419"
"434287057880,09:10:34:273,4.31914,-8.3390045,13.024457"
"434427255634,09:10:34:362,15.277401,-5.4085016,2.882619"
"434437265399,09:10:34:372,15.210363,-4.6399627,4.8482585"
"434447305682,09:10:34:382,13.740324,-4.2760444,4.185065"
"434457284930,09:10:34:394,10.658986,-3.6272156,4.024653"
"434487375262,09:10:34:422,2.5187001,-1.9871874,5.2600613"
"434497354511,09:10:34:434,0.89064306,-1.6567876,5.6982"
"434507394794,09:10:34:442,0.17477672,-2.0039468,6.131551"
"434517374042,09:10:34:453,-0.059855044,-1.745373,7.2233067"
"434907876971,09:10:34:842,-0.39743748,1.5035586,7.979874"
"434967966083,09:10:34:902,0.19871874,0.80684596,9.773131"
"434977945331,09:10:34:979,0.2657564,0.9744401,10.180145"
"434987985614,09:10:35:046,0.18435353,1.1420342,10.66138"
"434997995380,09:10:35:225,-0.019153614,1.2258313,10.852917"
"435028055194,09:10:35:324,-0.9983821,1.6903064,10.431537"
"435048105243,09:10:35:396,-1.6783354,1.9776106,10.338163"
"435058115009,09:10:35:424,-2.0087352,2.360683,10.627861"
"435068094257,09:10:35:430,-2.4253263,2.4468741,11.295844"
"435078134540,09:10:35:441,-3.2345665,2.4277205,12.143391"
"435148294452,09:10:35:482,-9.622296,6.6391215,14.903906"
"435158304218,09:10:35:561,-9.679757,6.423643,14.018051"
"435168313983,09:10:35:576,-9.615114,6.3446345,13.637373"
"435178323749,09:10:35:588,-9.476251,6.217742,13.333309"
"435188333514,09:10:35:596,-9.186552,6.172252,13.5775175"
"435198343280,09:10:35:637,-8.829816,6.2512608,14.109031"
"435228372577,09:10:35:659,-7.577648,5.506664,14.073117"
"435238412860,09:10:35:677,-7.0964136,5.1475334,13.838486"
"435248392108,09:10:35:692,-6.4140663,4.8937483,13.453019"
"435258401874,09:10:35:723,-5.722142,4.223372,12.8209505"
"435288522723,09:10:35:765,-4.213795,3.6008794,12.0093155"
"435298532489,09:10:35:794,-3.5673606,3.5865142,11.654974"
"435308542255,09:10:35:807,-2.8802247,3.5458126,11.226412"
"435318552020,09:10:35:814,-2.2720973,3.5577838,10.465055"
"435328561786,09:10:35:827,-1.9249382,3.6774938,9.631873"
"435338602069,09:10:35:845,-1.673547,4.0677485,8.860941"
"435348611835,09:10:35:878,-1.7477672,4.699818,7.3406224"
"435358652118,09:10:35:890,-1.532289,4.309563,6.3063273"
"435368661884,09:10:35:905,-1.4891934,4.185065,4.819528"
"435378641132,09:10:35:943,-2.7222073,-0.21547815,1.6400281"
"435458749774,09:10:35:996,5.363012,-0.29927522,1.3239936"
"435468759540,09:10:36:016,6.2512608,-0.6655881,1.2593501"
"435478769305,09:10:36:030,7.1466923,-1.1133038,1.553837"
"435488779071,09:10:36:048,7.762002,-1.448492,1.8507179"
"435498788837,09:10:36:071,8.341399,-1.7645266,2.3127987"
"435508798602,09:10:36:085,8.724471,-2.1452048,3.2585084"
"436159494403,09:10:36:475,-5.3965306,2.6240451,9.552865"
"436179513934,09:10:36:498,-6.069301,3.217807,11.264719"
"436349771503,09:10:36:666,-3.0502129,5.449203,7.9463553"
"436710031512,09:10:36:863,7.979874,2.1260512,-4.220978"
"436720041278,09:10:36:877,7.97748,2.2170308,-4.1802764"
"436730081561,09:10:36:885,7.7787614,2.2026656,-4.0438066"
"436740091327,09:10:36:899,7.4746976,1.982399,-3.3159695"
"436750101093,09:10:36:918,6.9767036,1.4700398,-1.8076223"
"436760110858,09:10:36:925,6.457162,1.2066777,-0.12689269"
"436770120624,09:10:36:947,6.5936313,0.35673606,0.007182605"
"436780130389,09:10:36:960,6.871359,-0.260968,0.36391866"
"436950326923,09:10:37:059,-7.45315,-0.2657564,18.315643"
"436960336688,09:10:37:066,-10.503363,2.7940333,20.752941"
"437681146259,09:10:37:609,5.995081,0.7541735,3.3087866"
"437691156024,09:10:37:619,5.7484784,0.6823475,4.548983"
"437701165790,09:10:37:627,5.5737014,0.830788,5.566519"
"438472253436,09:10:38:408,-3.2609026,5.363012,7.9248075"
"438482263202,09:10:38:476,-3.5051112,5.647922,7.8888946"
"438492272967,09:10:38:496,-3.763685,5.9160724,7.908048"
"438502282733,09:10:38:509,-4.4220905,6.4164605,8.348581"
"438512292499,09:10:38:517,-4.8578353,6.9240313,8.468291"
"438522302264,09:10:38:526,-4.903325,7.405266,8.259995"
"438532373065,09:10:38:534,-4.9464207,7.675811,7.9942393"
"438542382831,09:10:38:546,-4.8386817,7.639898,7.7452426"
"438622491473,09:10:38:583,2.0254946,3.0382419,4.570531"
"440264672870,09:10:40:614,5.0421886,2.3870192,1.0319009"
"440274682635,09:10:40:814,5.2720323,2.456451,0.91937345"
"440284692401,09:10:40:848,5.279215,2.3798366,0.8643068"
"440294732684,09:10:40:873,5.3366756,2.0733786,0.7398083"
"440304742450,09:10:40:898,4.7620673,2.0949266,1.103727"
"440314752216,09:10:40:912,4.8027687,2.2601264,1.3263878"
"440324761981,09:10:40:925,4.9703627,2.6240451,2.2337902"
"440334802264,09:10:40:933,5.070919,2.5594015,2.6791117"
"440344812030,09:10:40:954,4.7429137,2.707842,2.956839"
"440354821796,09:10:40:970,4.4699745,2.9041667,3.3782187"
"440364831561,09:10:40:989,3.715801,3.335123,4.0174704"
"440434930438,09:10:41:046,-0.8379706,6.6415157,8.836999"
"440444909686,09:10:41:065,-1.376666,7.1993647,9.552865"
"440454949969,09:10:41:076,-1.8938135,7.513005,9.40203"
"440464959735,09:10:41:086,-2.3535004,7.797915,9.765948"
""
