"4659056183000,09:09:26:487,0.0,9.776321,0.812345"
"4659066183000,09:09:26:499,0.0,9.776321,0.812345"
"4659076183000,09:09:26:509,0.0,9.776321,0.812345"
"4659086183000,09:09:26:517,0.0,9.776321,0.812345"
"4659096183000,09:09:26:527,0.0,9.776321,0.812345"
"4659106183000,09:09:26:539,0.0,9.776321,0.812345"
"4659116183000,09:09:26:549,0.0,9.776321,0.812345"
"4659126183000,09:09:26:558,0.0,9.776321,0.812345"
"4659136183000,09:09:26:568,0.0,9.776321,0.812345"
"4659146183000,09:09:26:578,0.0,9.776321,0.812345"
"4659156183000,09:09:26:588,0.0,9.776321,0.812345"
"4659176183000,09:09:26:608,0.0,9.776321,0.812345"
"4659186183000,09:09:26:617,0.0,9.776321,0.812345"
"4659196183000,09:09:26:628,0.0,9.776321,0.812345"
"4659206183000,09:09:26:639,0.0,9.776321,0.812345"
"4659216183000,09:09:26:647,0.0,9.776321,0.812345"
"4659226183000,09:09:26:658,0.0,9.776321,0.812345"
"4659236183000,09:09:26:668,0.0,9.776321,0.812345"
"4659246183000,09:09:26:679,0.0,9.776321,0.812345"
"4659256183000,09:09:26:687,0.0,9.776321,0.812345"
"4659266183000,09:09:26:698,0.0,9.776321,0.812345"
"4659286183000,09:09:26:717,0.0,9.776321,0.812345"
"4659296183000,09:09:26:727,0.0,9.776321,0.812345"
"4659306183000,09:09:26:738,0.0,9.776321,0.812345"
"4659316183000,09:09:26:748,0.0,9.776321,0.812345"
"4659326183000,09:09:26:757,0.0,9.776321,0.812345"
"4659336183000,09:09:26:768,0.0,9.776321,0.812345"
"4659346183000,09:09:26:779,0.0,9.776321,0.812345"
"4659356183000,09:09:26:787,0.0,9.776321,0.812345"
"4659366183000,09:09:26:798,0.0,9.776321,0.812345"
"4659376183000,09:09:26:807,0.0,9.776321,0.812345"
"4659736183000,09:09:27:167,0.0,9.776321,0.812345"
"4659806183000,09:09:27:238,0.0,9.776321,0.812345"
"4659836183000,09:09:27:269,0.0,9.776321,0.812345"
"4659846183000,09:09:27:279,0.0,9.776321,0.812345"
"4659856183000,09:09:27:287,0.0,9.776321,0.812345"
"4659866183000,09:09:27:298,0.0,9.776321,0.812345"
"4659876183000,09:09:27:307,0.0,9.776321,0.812345"
"4659886183000,09:09:27:318,0.0,9.776321,0.812345"
"4659896183000,09:09:27:329,0.0,9.776321,0.812345"
"4659906183000,09:09:27:339,0.0,9.776321,0.812345"
"4659916183000,09:09:27:349,0.0,9.776321,0.812345"
"4659926183000,09:09:27:358,0.0,9.776321,0.812345"
"4659936183000,09:09:27:367,0.0,9.776321,0.812345"
"4659946183000,09:09:27:378,0.0,9.776321,0.812345"
"4659956183000,09:09:27:388,0.0,9.776321,0.812345"
"4659966183000,09:09:27:397,0.0,9.776321,0.812345"
"4659976183000,09:09:27:407,0.0,9.776321,0.812345"
"4659986183000,09:09:27:418,0.0,9.776321,0.812345"
"4659996183000,09:09:27:427,0.0,9.776321,0.812345"
"4660006183000,09:09:27:437,0.0,9.776321,0.812345"
"4660016183000,09:09:27:447,0.0,9.776321,0.812345"
"4660026183000,09:09:27:457,0.0,9.776321,0.812345"
"4660036183000,09:09:27:467,0.0,9.776321,0.812345"
"4660046183000,09:09:27:477,0.0,9.776321,0.812345"
"4660056183000,09:09:27:488,0.0,9.776321,0.812345"
"4660066183000,09:09:27:499,0.0,9.776321,0.812345"
"4660076183000,09:09:27:507,0.0,9.776321,0.812345"
"4660086183000,09:09:27:518,0.0,9.776321,0.812345"
"4660096183000,09:09:27:528,0.0,9.776321,0.812345"
"4660106183000,09:09:27:538,0.0,9.776321,0.812345"
"4660116183000,09:09:27:548,0.0,9.776321,0.812345"
"4660126183000,09:09:27:559,0.0,9.776321,0.812345"
"4660136183000,09:09:27:568,0.0,9.776321,0.812345"
"4660146183000,09:09:27:578,0.0,9.776321,0.812345"
"4660156183000,09:09:27:587,0.0,9.776321,0.812345"
"4660166183000,09:09:27:597,0.0,9.776321,0.812345"
"4660176183000,09:09:27:608,0.0,9.776321,0.812345"
"4660186183000,09:09:27:617,0.0,9.776321,0.812345"
"4660196183000,09:09:27:627,0.0,9.776321,0.812345"
"4660206183000,09:09:27:638,0.0,9.776321,0.812345"
"4660576183000,09:09:28:008,0.0,9.776321,0.812345"
"4660646183000,09:09:28:079,0.0,9.776321,0.812345"
"4660666183000,09:09:28:098,0.0,9.776321,0.812345"
"4660676183000,09:09:28:107,0.0,9.776321,0.812345"
"4660686183000,09:09:28:117,0.0,9.776321,0.812345"
"4660696183000,09:09:28:129,0.0,9.776321,0.812345"
"4660706183000,09:09:28:138,0.0,9.776321,0.812345"
"4660716183000,09:09:28:148,0.0,9.776321,0.812345"
"4660726183000,09:09:28:158,0.0,9.776321,0.812345"
"4660736183000,09:09:28:168,0.0,9.776321,0.812345"
"4660746183000,09:09:28:178,0.0,9.776321,0.812345"
"4660756183000,09:09:28:188,0.0,9.776321,0.812345"
"4660766183000,09:09:28:198,0.0,9.776321,0.812345"
"4660776183000,09:09:28:209,0.0,9.776321,0.812345"
"4660786183000,09:09:28:217,0.0,9.776321,0.812345"
"4660796183000,09:09:28:227,0.0,9.776321,0.812345"
"4660806183000,09:09:28:239,0.0,9.776321,0.812345"
"4660816183000,09:09:28:248,0.0,9.776321,0.812345"
"4660826183000,09:09:28:257,0.0,9.776321,0.812345"
"4660836183000,09:09:28:268,0.0,9.776321,0.812345"
"4660846183000,09:09:28:277,0.0,9.776321,0.812345"
"4660856183000,09:09:28:287,0.0,9.776321,0.812345"
"4660866183000,09:09:28:298,0.0,9.776321,0.812345"
"4660886183000,09:09:28:317,0.0,9.776321,0.812345"
"4660896183000,09:09:28:327,0.0,9.776321,0.812345"
"4660906183000,09:09:28:339,0.0,9.776321,0.812345"
"4660916183000,09:09:28:348,0.0,9.776321,0.812345"
"4660926183000,09:09:28:358,0.0,9.776321,0.812345"
"4660936183000,09:09:28:369,0.0,9.776321,0.812345"
"4660946183000,09:09:28:379,0.0,9.776321,0.812345"
"4660956183000,09:09:28:389,0.0,9.776321,0.812345"
"4660966183000,09:09:28:398,0.0,9.776321,0.812345"
"4660976183000,09:09:28:408,0.0,9.776321,0.812345"
"4660986183000,09:09:28:417,0.0,9.776321,0.812345"
"4660996183000,09:09:28:428,0.0,9.776321,0.812345"
"4661006183000,09:09:28:438,0.0,9.776321,0.812345"
"4661016183000,09:09:28:447,0.0,9.776321,0.812345"
"4661386183000,09:09:28:817,0.0,9.776321,0.812345"
"4661466183000,09:09:28:898,0.0,9.776321,0.812345"
"4661496183000,09:09:28:928,0.0,9.776321,0.812345"
"4661516183000,09:09:28:948,0.0,9.776321,0.812345"
"4661526183000,09:09:28:958,0.0,9.776321,0.812345"
"4661536183000,09:09:28:967,0.0,9.776321,0.812345"
"4661546183000,09:09:28:977,0.0,9.776321,0.812345"
"4661556183000,09:09:28:988,0.0,9.776321,0.812345"
"4661566183000,09:09:28:998,0.0,9.776321,0.812345"
"4661576183000,09:09:29:008,0.0,9.776321,0.812345"
"4661586183000,09:09:29:019,0.0,9.776321,0.812345"
"4661596183000,09:09:29:027,0.0,9.776321,0.812345"
"4661606183000,09:09:29:038,0.0,9.776321,0.812345"
"4661626183000,09:09:29:057,0.0,9.776321,0.812345"
"4661636183000,09:09:29:067,0.0,9.776321,0.812345"
"4661646183000,09:09:29:078,0.0,9.776321,0.812345"
"4661656183000,09:09:29:088,0.0,9.776321,0.812345"
"4661666183000,09:09:29:098,0.0,9.776321,0.812345"
"4661676183000,09:09:29:108,0.0,9.776321,0.812345"
"4661686183000,09:09:29:118,0.0,9.776321,0.812345"
"4661696183000,09:09:29:128,0.0,9.776321,0.812345"
"4661706183000,09:09:29:138,0.0,9.776321,0.812345"
"4661716183000,09:09:29:148,0.0,9.776321,0.812345"
"4661726183000,09:09:29:158,0.0,9.776321,0.812345"
"4661736183000,09:09:29:167,0.0,9.776321,0.812345"
"4661746183000,09:09:29:177,0.0,9.776321,0.812345"
"4661756183000,09:09:29:188,0.0,9.776321,0.812345"
"4661766183000,09:09:29:198,0.0,9.776321,0.812345"
"4661776183000,09:09:29:209,0.0,9.776321,0.812345"
"4661786183000,09:09:29:219,0.0,9.776321,0.812345"
"4661796183000,09:09:29:228,0.0,9.776321,0.812345"
"4662166183000,09:09:29:598,0.0,9.776321,0.812345"
"4662236183000,09:09:29:669,0.0,9.776321,0.812345"
"4662256183000,09:09:29:688,0.0,9.776321,0.812345"
"4662276183000,09:09:29:709,0.0,9.776321,0.812345"
"4662286183000,09:09:29:717,0.0,9.776321,0.812345"
"4662296183000,09:09:29:728,0.0,9.776321,0.812345"
"4662306183000,09:09:29:738,0.0,9.776321,0.812345"
"4662316183000,09:09:29:748,0.0,9.776321,0.812345"
"4662326183000,09:09:29:758,0.0,9.776321,0.812345"
"4662336183000,09:09:29:767,0.0,9.776321,0.812345"
"4662346183000,09:09:29:777,0.0,9.776321,0.812345"
"4662356183000,09:09:29:788,0.0,9.776321,0.812345"
"4662366183000,09:09:29:798,0.0,9.776321,0.812345"
"4662376183000,09:09:29:808,0.0,9.776321,0.812345"
"4662386183000,09:09:29:818,0.0,9.776321,0.812345"
"4662396183000,09:09:29:828,0.0,9.776321,0.812345"
"4662406183000,09:09:29:838,0.0,9.776321,0.812345"
"4662416183000,09:09:29:847,0.0,9.776321,0.812345"
"4662426183000,09:09:29:857,0.0,9.776321,0.812345"
"4662436183000,09:09:29:867,0.0,9.776321,0.812345"
"4662446183000,09:09:29:878,0.0,9.776321,0.812345"
"4662456183000,09:09:29:888,0.0,9.776321,0.812345"
"4662466183000,09:09:29:898,0.0,9.776321,0.812345"
"4662476183000,09:09:29:907,0.0,9.776321,0.812345"
"4662486183000,09:09:29:918,0.0,9.776321,0.812345"
"4662496183000,09:09:29:927,0.0,9.776321,0.812345"
"4662506183000,09:09:29:938,0.0,9.776321,0.812345"
"4662516183000,09:09:29:947,0.0,9.776321,0.812345"
"4662526183000,09:09:29:958,0.0,9.776321,0.812345"
"4662536183000,09:09:29:968,0.0,9.776321,0.812345"
"4662546183000,09:09:29:978,0.0,9.776321,0.812345"
"4662556183000,09:09:29:988,0.0,9.776321,0.812345"
"4662566183000,09:09:29:997,0.0,9.776321,0.812345"
"4662576183000,09:09:30:007,0.0,9.776321,0.812345"
"4662586183000,09:09:30:018,0.0,9.776321,0.812345"
"4662596183000,09:09:30:027,0.0,9.776321,0.812345"
"4662606183000,09:09:30:038,0.0,9.776321,0.812345"
"4662616183000,09:09:30:049,0.0,9.776321,0.812345"
"4662626183000,09:09:30:057,0.0,9.776321,0.812345"
"4662636183000,09:09:30:067,0.0,9.776321,0.812345"
"4662646183000,09:09:30:078,0.0,9.776321,0.812345"
"4662656183000,09:09:30:088,0.0,9.776321,0.812345"
"4663036183000,09:09:30:469,0.0,9.776321,0.812345"
"4663116183000,09:09:30:548,0.0,9.776321,0.812345"
"4663146183000,09:09:30:577,0.0,9.776321,0.812345"
"4663166183000,09:09:30:598,0.0,9.776321,0.812345"
"4663566183000,09:09:30:998,0.0,9.776321,0.812345"
"4663616183000,09:09:31:048,0.0,9.776321,0.812345"
"4663646183000,09:09:31:077,0.0,9.776321,0.812345"
"4663676183000,09:09:31:108,0.0,9.776321,0.812345"
"4663686183000,09:09:31:119,0.0,9.776321,0.812345"
"4663706183000,09:09:31:137,0.0,9.776321,0.812345"
"4663726183000,09:09:31:157,0.0,9.776321,0.812345"
"4663746183000,09:09:31:177,0.0,9.776321,0.812345"
"4663756183000,09:09:31:188,0.0,9.776321,0.812345"
"4663766183000,09:09:31:198,0.0,9.776321,0.812345"
"4663776183000,09:09:31:207,0.0,9.776321,0.812345"
"4663786183000,09:09:31:219,0.0,9.776321,0.812345"
"4663796183000,09:09:31:229,0.0,9.776321,0.812345"
"4663806183000,09:09:31:237,0.0,9.776321,0.812345"
"4663816183000,09:09:31:248,0.0,9.776321,0.812345"
"4663826183000,09:09:31:258,0.0,9.776321,0.812345"
"4663836183000,09:09:31:268,0.0,9.776321,0.812345"
"4663846183000,09:09:31:279,0.0,9.776321,0.812345"
"4663856183000,09:09:31:288,0.0,9.776321,0.812345"
"4663866183000,09:09:31:298,0.0,9.776321,0.812345"
"4663876183000,09:09:31:308,0.0,9.776321,0.812345"
"4663886183000,09:09:31:318,0.0,9.776321,0.812345"
"4663896183000,09:09:31:328,0.0,9.776321,0.812345"
"4663906183000,09:09:31:339,0.0,9.776321,0.812345"
"4663916183000,09:09:31:348,0.0,9.776321,0.812345"
"4663926183000,09:09:31:359,0.0,9.776321,0.812345"
"4663936183000,09:09:31:367,0.0,9.776321,0.812345"
"4663946183000,09:09:31:377,0.0,9.776321,0.812345"
"4663956183000,09:09:31:387,0.0,9.776321,0.812345"
"4663966183000,09:09:31:399,0.0,9.776321,0.812345"
"4663976183000,09:09:31:408,0.0,9.776321,0.812345"
"4663986183000,09:09:31:418,0.0,9.776321,0.812345"
"4663996183000,09:09:31:427,0.0,9.776321,0.812345"
"4664006183000,09:09:31:439,0.0,9.776321,0.812345"
"4664016183000,09:09:31:447,0.0,9.776321,0.812345"
"4664026183000,09:09:31:458,0.0,9.776321,0.812345"
"4664036183000,09:09:31:468,0.0,9.776321,0.812345"
"4664046183000,09:09:31:478,0.0,9.776321,0.812345"
"4664056183000,09:09:31:487,0.0,9.776321,0.812345"
"4664066183000,09:09:31:498,0.0,9.776321,0.812345"
"4664076183000,09:09:31:509,0.0,9.776321,0.812345"
"4664086183000,09:09:31:518,0.0,9.776321,0.812345"
"4664096183000,09:09:31:528,0.0,9.776321,0.812345"
"4664106183000,09:09:31:538,0.0,9.776321,0.812345"
"4664116183000,09:09:31:549,0.0,9.776321,0.812345"
"4664126183000,09:09:31:558,0.0,9.776321,0.812345"
"4664136183000,09:09:31:568,0.0,9.776321,0.812345"
"4664146183000,09:09:31:577,0.0,9.776321,0.812345"
"4664156183000,09:09:31:587,0.0,9.776321,0.812345"
"4664176183000,09:09:31:608,0.0,9.776321,0.812345"
"4664186183000,09:09:31:617,0.0,9.776321,0.812345"
"4664206183000,09:09:31:638,0.0,9.776321,0.812345"
"4664216183000,09:09:31:647,0.0,9.776321,0.812345"
"4664226183000,09:09:31:657,0.0,9.776321,0.812345"
"4664236183000,09:09:31:668,0.0,9.776321,0.812345"
"4664246183000,09:09:31:677,0.0,9.776321,0.812345"
"4664256183000,09:09:31:688,0.0,9.776321,0.812345"
"4664266183000,09:09:31:697,0.0,9.776321,0.812345"
"4664276183000,09:09:31:707,0.0,9.776321,0.812345"
"4664286183000,09:09:31:719,0.0,9.776321,0.812345"
"4664296183000,09:09:31:729,0.0,9.776321,0.812345"
"4664306183000,09:09:31:738,0.0,9.776321,0.812345"
"4664316183000,09:09:31:747,0.0,9.776321,0.812345"
"4664326183000,09:09:31:757,0.0,9.776321,0.812345"
"4664336183000,09:09:31:767,0.0,9.776321,0.812345"
"4664346183000,09:09:31:777,0.0,9.776321,0.812345"
"4664356183000,09:09:31:788,0.0,9.776321,0.812345"
"4664366183000,09:09:31:797,0.0,9.776321,0.812345"
"4664376183000,09:09:31:808,0.0,9.776321,0.812345"
"4664746183000,09:09:32:177,0.0,9.776321,0.812345"
"4664826183000,09:09:32:258,0.0,9.776321,0.812345"
"4664856183000,09:09:32:288,0.0,9.776321,0.812345"
"4664866183000,09:09:32:298,0.0,9.776321,0.812345"
"4664876183000,09:09:32:307,0.0,9.776321,0.812345"
"4664886183000,09:09:32:318,0.0,9.776321,0.812345"
"4664896183000,09:09:32:327,0.0,9.776321,0.812345"
"4664906183000,09:09:32:338,0.0,9.776321,0.812345"
"4664926183000,09:09:32:357,0.0,9.776321,0.812345"
"4664936183000,09:09:32:367,0.0,9.776321,0.812345"
"4664946183000,09:09:32:378,0.0,9.776321,0.812345"
"4664956183000,09:09:32:388,0.0,9.776321,0.812345"
"4664966183000,09:09:32:397,0.0,9.776321,0.812345"
"4664976183000,09:09:32:408,0.0,9.776321,0.812345"
"4664986183000,09:09:32:419,0.0,9.776321,0.812345"
"4664996183000,09:09:32:428,0.0,9.776321,0.812345"
"4665006183000,09:09:32:438,0.0,9.776321,0.812345"
"4665016183000,09:09:32:448,0.0,9.776321,0.812345"
"4665026183000,09:09:32:459,0.0,9.776321,0.812345"
"4665036183000,09:09:32:469,0.0,9.776321,0.812345"
"4665046183000,09:09:32:478,0.0,9.776321,0.812345"
"4665056183000,09:09:32:488,0.0,9.776321,0.812345"
"4665066183000,09:09:32:498,0.0,9.776321,0.812345"
"4665076183000,09:09:32:508,0.0,9.776321,0.812345"
"4665086183000,09:09:32:517,0.0,9.776321,0.812345"
"4665096183000,09:09:32:527,0.0,9.776321,0.812345"
"4665106183000,09:09:32:539,0.0,9.776321,0.812345"
"4665116183000,09:09:32:547,0.0,9.776321,0.812345"
"4665126183000,09:09:32:557,0.0,9.776321,0.812345"
"4665136183000,09:09:32:568,0.0,9.776321,0.812345"
"4665146183000,09:09:32:579,0.0,9.776321,0.812345"
"4665156183000,09:09:32:588,0.0,9.776321,0.812345"
"4665166183000,09:09:32:599,0.0,9.776321,0.812345"
"4665176183000,09:09:32:608,0.0,9.776321,0.812345"
"4665186183000,09:09:32:617,0.0,9.776321,0.812345"
"4665196183000,09:09:32:628,0.0,9.776321,0.812345"
"4665206183000,09:09:32:638,0.0,9.776321,0.812345"
"4665216183000,09:09:32:648,0.0,9.776321,0.812345"
"4665226183000,09:09:32:658,0.0,9.776321,0.812345"
"4665236183000,09:09:32:669,0.0,9.776321,0.812345"
"4665246183000,09:09:32:678,0.0,9.776321,0.812345"
"4665256183000,09:09:32:687,0.0,9.776321,0.812345"
"4665266183000,09:09:32:698,0.0,9.776321,0.812345"
"4665276183000,09:09:32:707,0.0,9.776321,0.812345"
"4665286183000,09:09:32:718,0.0,9.776321,0.812345"
"4665296183000,09:09:32:728,0.0,9.776321,0.812345"
"4665306183000,09:09:32:737,0.0,9.776321,0.812345"
"4665316183000,09:09:32:748,0.0,9.776321,0.812345"
"4665326183000,09:09:32:759,0.0,9.776321,0.812345"
"4665336183000,09:09:32:768,0.0,9.776321,0.812345"
"4665346183000,09:09:32:777,0.0,9.776321,0.812345"
"4665356183000,09:09:32:788,0.0,9.776321,0.812345"
"4665366183000,09:09:32:797,0.0,9.776321,0.812345"
"4665376183000,09:09:32:808,0.0,9.776321,0.812345"
"4665386183000,09:09:32:818,0.0,9.776321,0.812345"
"4665396183000,09:09:32:829,0.0,9.776321,0.812345"
"4665406183000,09:09:32:837,0.0,9.776321,0.812345"
"4665416183000,09:09:32:847,0.0,9.776321,0.812345"
"4665436183000,09:09:32:868,0.0,9.776321,0.812345"
"4665446183000,09:09:32:877,0.0,9.776321,0.812345"
"4665456183000,09:09:32:888,0.0,9.776321,0.812345"
"4665466183000,09:09:32:898,0.0,9.776321,0.812345"
"4665476183000,09:09:32:907,0.0,9.776321,0.812345"
"4665486183000,09:09:32:919,0.0,9.776321,0.812345"
"4665496183000,09:09:32:927,0.0,9.776321,0.812345"
"4665506183000,09:09:32:937,0.0,9.776321,0.812345"
"4665516183000,09:09:32:948,0.0,9.776321,0.812345"
"4665526183000,09:09:32:957,0.0,9.776321,0.812345"
"4665536183000,09:09:32:968,0.0,9.776321,0.812345"
"4665546183000,09:09:32:977,0.0,9.776321,0.812345"
"4665556183000,09:09:32:988,0.0,9.776321,0.812345"
"4665566183000,09:09:32:997,0.0,9.776321,0.812345"
"4665576183000,09:09:33:008,0.0,9.776321,0.812345"
"4665586183000,09:09:33:017,0.0,9.776321,0.812345"
"4665596183000,09:09:33:027,0.0,9.776321,0.812345"
"4665606183000,09:09:33:039,0.0,9.776321,0.812345"
"4665616183000,09:09:33:048,0.0,9.776321,0.812345"
"4665626183000,09:09:33:058,0.0,9.776321,0.812345"
"4665636183000,09:09:33:068,0.0,9.776321,0.812345"
"4665646183000,09:09:33:077,0.0,9.776321,0.812345"
"4665656183000,09:09:33:088,0.0,9.776321,0.812345"
"4665666183000,09:09:33:099,0.0,9.776321,0.812345"
"4665676183000,09:09:33:108,0.0,9.776321,0.812345"
"4665686183000,09:09:33:117,0.0,9.776321,0.812345"
"4665696183000,09:09:33:129,0.0,9.776321,0.812345"
"4665706183000,09:09:33:137,0.0,9.776321,0.812345"
"4665716183000,09:09:33:147,0.0,9.776321,0.812345"
"4665726183000,09:09:33:157,0.0,9.776321,0.812345"
"4665736183000,09:09:33:168,0.0,9.776321,0.812345"
"4665746183000,09:09:33:177,0.0,9.776321,0.812345"
"4665756183000,09:09:33:189,0.0,9.776321,0.812345"
"4665766183000,09:09:33:197,0.0,9.776321,0.812345"
"4665776183000,09:09:33:207,0.0,9.776321,0.812345"
"4665786183000,09:09:33:218,0.0,9.776321,0.812345"
"4665796183000,09:09:33:228,0.0,9.776321,0.812345"
"4665806183000,09:09:33:237,0.0,9.776321,0.812345"
"4665816183000,09:09:33:248,0.0,9.776321,0.812345"
"4665826183000,09:09:33:258,0.0,9.776321,0.812345"
"4665836183000,09:09:33:267,0.0,9.776321,0.812345"
"4665846183000,09:09:33:277,0.0,9.776321,0.812345"
"4665856183000,09:09:33:287,0.0,9.776321,0.812345"
"4665866183000,09:09:33:298,0.0,9.776321,0.812345"
"4665876183000,09:09:33:308,0.0,9.776321,0.812345"
"4665886183000,09:09:33:317,0.0,9.776321,0.812345"
"4665896183000,09:09:33:328,0.0,9.776321,0.812345"
"4665906183000,09:09:33:339,0.0,9.776321,0.812345"
"4665916183000,09:09:33:347,0.0,9.776321,0.812345"
"4665926183000,09:09:33:357,0.0,9.776321,0.812345"
"4666326183000,09:09:33:757,0.0,9.776321,0.812345"
"4666406183000,09:09:33:838,0.0,9.776321,0.812345"
"4666436183000,09:09:33:867,0.0,9.776321,0.812345"
"4666466183000,09:09:33:897,0.0,9.776321,0.812345"
"4666486183000,09:09:33:919,0.0,9.776321,0.812345"
"4666876183000,09:09:34:309,0.0,9.776321,0.812345"
"4666936183000,09:09:34:368,0.0,9.776321,0.812345"
"4666966183000,09:09:34:399,0.0,9.776321,0.812345"
"4666986183000,09:09:34:417,0.0,9.776321,0.812345"
"4667006183000,09:09:34:438,0.0,9.776321,0.812345"
"4667016183000,09:09:34:449,0.0,9.776321,0.812345"
"4667026183000,09:09:34:457,0.0,9.776321,0.812345"
"4667036183000,09:09:34:467,0.0,9.776321,0.812345"
"4667046183000,09:09:34:479,0.0,9.776321,0.812345"
"4667066183000,09:09:34:498,0.0,9.776321,0.812345"
"4667076183000,09:09:34:507,0.0,9.776321,0.812345"
"4667086183000,09:09:34:518,0.0,9.776321,0.812345"
"4667096183000,09:09:34:527,0.0,9.776321,0.812345"
"4667106183000,09:09:34:538,0.0,9.776321,0.812345"
"4667116183000,09:09:34:548,0.0,9.776321,0.812345"
"4667126183000,09:09:34:557,0.0,9.776321,0.812345"
"4667136183000,09:09:34:568,0.0,9.776321,0.812345"
"4667146183000,09:09:34:579,0.0,9.776321,0.812345"
"4667156183000,09:09:34:587,0.0,9.776321,0.812345"
"4667166183000,09:09:34:598,0.0,9.776321,0.812345"
"4667176183000,09:09:34:607,0.0,9.776321,0.812345"
"4667186183000,09:09:34:618,0.0,9.776321,0.812345"
"4667196183000,09:09:34:627,0.0,9.776321,0.812345"
"4667206183000,09:09:34:638,0.0,9.776321,0.812345"
"4667216183000,09:09:34:648,0.0,9.776321,0.812345"
"4667226183000,09:09:34:658,0.0,9.776321,0.812345"
"4667236183000,09:09:34:667,0.0,9.776321,0.812345"
"4667246183000,09:09:34:678,0.0,9.776321,0.812345"
"4667256183000,09:09:34:688,0.0,9.776321,0.812345"
"4667276183000,09:09:34:707,0.0,9.776321,0.812345"
"4667286183000,09:09:34:719,0.0,9.776321,0.812345"
"4667296183000,09:09:34:728,0.0,9.776321,0.812345"
"4667306183000,09:09:34:738,0.0,9.776321,0.812345"
"4667316183000,09:09:34:748,0.0,9.776321,0.812345"
"4667326183000,09:09:34:758,0.0,9.776321,0.812345"
"4667336183000,09:09:34:767,0.0,9.776321,0.812345"
"4667346183000,09:09:34:777,0.0,9.776321,0.812345"
"4667356183000,09:09:34:789,0.0,9.776321,0.812345"
"4667366183000,09:09:34:797,0.0,9.776321,0.812345"
"4667376183000,09:09:34:807,0.0,9.776321,0.812345"
"4667386183000,09:09:34:818,0.0,9.776321,0.812345"
"4667396183000,09:09:34:829,0.0,9.776321,0.812345"
"4667406183000,09:09:34:838,0.0,9.776321,0.812345"
"4667416183000,09:09:34:847,0.0,9.776321,0.812345"
"4667426183000,09:09:34:858,0.0,9.776321,0.812345"
"4667436183000,09:09:34:868,0.0,9.776321,0.812345"
"4667446183000,09:09:34:877,0.0,9.776321,0.812345"
"4667456183000,09:09:34:888,0.0,9.776321,0.812345"
"4667466183000,09:09:34:898,0.0,9.776321,0.812345"
"4667476183000,09:09:34:909,0.0,9.776321,0.812345"
"4667486183000,09:09:34:917,0.0,9.776321,0.812345"
"4667496183000,09:09:34:927,0.0,9.776321,0.812345"
"4667506183000,09:09:34:938,0.0,9.776321,0.812345"
"4667516183000,09:09:34:948,0.0,9.776321,0.812345"
"4667526183000,09:09:34:958,0.0,9.776321,0.812345"
"4667536183000,09:09:34:969,0.0,9.776321,0.812345"
"4667546183000,09:09:34:978,0.0,9.776321,0.812345"
"4667556183000,09:09:34:987,0.0,9.776321,0.812345"
"4667566183000,09:09:34:997,0.0,9.776321,0.812345"
"4667576183000,09:09:35:009,0.0,9.776321,0.812345"
"4667586183000,09:09:35:017,0.0,9.776321,0.812345"
"4667596183000,09:09:35:027,0.0,9.776321,0.812345"
"4667606183000,09:09:35:039,0.0,9.776321,0.812345"
"4667626183000,09:09:35:058,0.0,9.776321,0.812345"
"4667636183000,09:09:35:067,0.0,9.776321,0.812345"
"4667646183000,09:09:35:078,0.0,9.776321,0.812345"
"4667656183000,09:09:35:088,0.0,9.776321,0.812345"
"4667666183000,09:09:35:097,0.0,9.776321,0.812345"
"4667676183000,09:09:35:107,0.0,9.776321,0.812345"
"4667686183000,09:09:35:117,0.0,9.776321,0.812345"
"4667696183000,09:09:35:127,0.0,9.776321,0.812345"
"4667706183000,09:09:35:137,0.0,9.776321,0.812345"
"4667716183000,09:09:35:147,0.0,9.776321,0.812345"
"4667726183000,09:09:35:159,0.0,9.776321,0.812345"
"4667736183000,09:09:35:167,0.0,9.776321,0.812345"
"4667746183000,09:09:35:178,0.0,9.776321,0.812345"
"4667756183000,09:09:35:189,0.0,9.776321,0.812345"
"4667766183000,09:09:35:198,0.0,9.776321,0.812345"
"4667776183000,09:09:35:207,0.0,9.776321,0.812345"
"4667786183000,09:09:35:218,0.0,9.776321,0.812345"
"4667796183000,09:09:35:228,0.0,9.776321,0.812345"
"4667806183000,09:09:35:237,0.0,9.776321,0.812345"
"4667816183000,09:09:35:248,0.0,9.776321,0.812345"
"4667826183000,09:09:35:259,0.0,9.776321,0.812345"
"4667836183000,09:09:35:267,0.0,9.776321,0.812345"
"4667846183000,09:09:35:278,0.0,9.776321,0.812345"
"4667856183000,09:09:35:287,0.0,9.776321,0.812345"
"4667866183000,09:09:35:297,0.0,9.776321,0.812345"
"4667876183000,09:09:35:309,0.0,9.776321,0.812345"
"4667886183000,09:09:35:318,0.0,9.776321,0.812345"
"4667896183000,09:09:35:327,0.0,9.776321,0.812345"
"4667906183000,09:09:35:337,0.0,9.776321,0.812345"
"4667916183000,09:09:35:347,0.0,9.776321,0.812345"
"4667926183000,09:09:35:357,0.0,9.776321,0.812345"
"4667936183000,09:09:35:367,0.0,9.776321,0.812345"
"4667946183000,09:09:35:377,0.0,9.776321,0.812345"
"4667956183000,09:09:35:388,0.0,9.776321,0.812345"
"4667966183000,09:09:35:397,0.0,9.776321,0.812345"
"4667976183000,09:09:35:408,0.0,9.776321,0.812345"
"4667986183000,09:09:35:418,0.0,9.776321,0.812345"
"4667996183000,09:09:35:427,0.0,9.776321,0.812345"
"4668006183000,09:09:35:439,0.0,9.776321,0.812345"
"4668016183000,09:09:35:447,0.0,9.776321,0.812345"
"4668026183000,09:09:35:457,0.0,9.776321,0.812345"
"4668036183000,09:09:35:467,0.0,9.776321,0.812345"
"4668046183000,09:09:35:477,0.0,9.776321,0.812345"
"4668066183000,09:09:35:498,0.0,9.776321,0.812345"
"4668076183000,09:09:35:507,0.0,9.776321,0.812345"
"4668086183000,09:09:35:517,0.0,9.776321,0.812345"
"4668096183000,09:09:35:527,0.0,9.776321,0.812345"
"4668106183000,09:09:35:537,0.0,9.776321,0.812345"
"4668116183000,09:09:35:547,0.0,9.776321,0.812345"
"4668126183000,09:09:35:557,0.0,9.776321,0.812345"
"4668136183000,09:09:35:567,0.0,9.776321,0.812345"
"4668146183000,09:09:35:577,0.0,9.776321,0.812345"
"4668156183000,09:09:35:587,0.0,9.776321,0.812345"
"4668526183000,09:09:35:957,0.0,9.776321,0.812345"
"4668606183000,09:09:36:038,0.0,9.776321,0.812345"
"4668636183000,09:09:36:068,0.0,9.776321,0.812345"
"4668656183000,09:09:36:088,0.0,9.776321,0.812345"
"4668676183000,09:09:36:109,0.0,9.776321,0.812345"
"4668686183000,09:09:36:118,0.0,9.776321,0.812345"
"4668696183000,09:09:36:128,0.0,9.776321,0.812345"
"4668706183000,09:09:36:138,0.0,9.776321,0.812345"
"4668716183000,09:09:36:148,0.0,9.776321,0.812345"
"4668726183000,09:09:36:158,0.0,9.776321,0.812345"
"4668736183000,09:09:36:168,0.0,9.776321,0.812345"
"4668746183000,09:09:36:178,0.0,9.776321,0.812345"
"4668756183000,09:09:36:187,0.0,9.776321,0.812345"
"4668766183000,09:09:36:198,0.0,9.776321,0.812345"
"4668776183000,09:09:36:208,0.0,9.776321,0.812345"
"4668796183000,09:09:36:227,0.0,9.776321,0.812345"
"4668806183000,09:09:36:237,0.0,9.776321,0.812345"
"4668816183000,09:09:36:248,0.0,9.776321,0.812345"
"4668826183000,09:09:36:257,0.0,9.776321,0.812345"
"4668836183000,09:09:36:267,0.0,9.776321,0.812345"
"4668846183000,09:09:36:277,0.0,9.776321,0.812345"
"4668856183000,09:09:36:289,0.0,9.776321,0.812345"
"4668866183000,09:09:36:297,0.0,9.776321,0.812345"
"4668876183000,09:09:36:307,0.0,9.776321,0.812345"
"4668886183000,09:09:36:319,0.0,9.776321,0.812345"
"4668896183000,09:09:36:328,0.0,9.776321,0.812345"
"4668906183000,09:09:36:338,0.0,9.776321,0.812345"
"4668916183000,09:09:36:347,0.0,9.776321,0.812345"
"4668926183000,09:09:36:359,0.0,9.776321,0.812345"
"4668936183000,09:09:36:367,0.0,9.776321,0.812345"
"4668946183000,09:09:36:379,0.0,9.776321,0.812345"
"4668956183000,09:09:36:388,0.0,9.776321,0.812345"
"4668966183000,09:09:36:397,0.0,9.776321,0.812345"
"4668976183000,09:09:36:408,0.0,9.776321,0.812345"
"4668986183000,09:09:36:419,0.0,9.776321,0.812345"
"4668996183000,09:09:36:428,0.0,9.776321,0.812345"
"4669006183000,09:09:36:437,0.0,9.776321,0.812345"
"4669016183000,09:09:36:447,0.0,9.776321,0.812345"
"4669026183000,09:09:36:459,0.0,9.776321,0.812345"
"4669036183000,09:09:36:467,0.0,9.776321,0.812345"
"4669046183000,09:09:36:478,0.0,9.776321,0.812345"
"4669056183000,09:09:36:488,0.0,9.776321,0.812345"
"4669076183000,09:09:36:507,0.0,9.776321,0.812345"
"4669086183000,09:09:36:517,0.0,9.776321,0.812345"
"4669096183000,09:09:36:529,0.0,9.776321,0.812345"
"4669106183000,09:09:36:538,0.0,9.776321,0.812345"
"4669116183000,09:09:36:548,0.0,9.776321,0.812345"
"4669126183000,09:09:36:558,0.0,9.776321,0.812345"
"4669486183000,09:09:36:918,0.0,9.776321,0.812345"
"4669566183000,09:09:36:997,0.0,9.776321,0.812345"
"4669596183000,09:09:37:028,0.0,9.776321,0.812345"
"4669626183000,09:09:37:058,0.0,9.776321,0.812345"
"4669636183000,09:09:37:068,0.0,9.776321,0.812345"
"4669646183000,09:09:37:078,0.0,9.776321,0.812345"
"4669656183000,09:09:37:087,0.0,9.776321,0.812345"
"4669666183000,09:09:37:097,0.0,9.776321,0.812345"
"4669676183000,09:09:37:107,0.0,9.776321,0.812345"
"4669686183000,09:09:37:117,0.0,9.776321,0.812345"
"4669696183000,09:09:37:129,0.0,9.776321,0.812345"
"4669706183000,09:09:37:137,0.0,9.776321,0.812345"
"4669716183000,09:09:37:147,0.0,9.776321,0.812345"
"4669726183000,09:09:37:157,0.0,9.776321,0.812345"
"4669736183000,09:09:37:169,0.0,9.776321,0.812345"
"4669746183000,09:09:37:178,0.0,9.776321,0.812345"
"4669756183000,09:09:37:187,0.0,9.776321,0.812345"
"4669766183000,09:09:37:197,0.0,9.776321,0.812345"
"4669776183000,09:09:37:207,0.0,9.776321,0.812345"
"4669796183000,09:09:37:228,0.0,9.776321,0.812345"
"4669806183000,09:09:37:238,0.0,9.776321,0.812345"
"4669816183000,09:09:37:248,0.0,9.776321,0.812345"
"4669826183000,09:09:37:259,0.0,9.776321,0.812345"
"4669836183000,09:09:37:268,0.0,9.776321,0.812345"
"4670216183000,09:09:37:648,0.0,9.776321,0.812345"
"4670276183000,09:09:37:707,0.0,9.776321,0.812345"
"4670306183000,09:09:37:737,0.0,9.776321,0.812345"
"4670326183000,09:09:37:757,0.0,9.776321,0.812345"
"4670346183000,09:09:37:778,0.0,9.776321,0.812345"
"4670356183000,09:09:37:787,0.0,9.776321,0.812345"
"4670366183000,09:09:37:797,0.0,9.776321,0.812345"
"4670376183000,09:09:37:808,0.0,9.776321,0.812345"
"4670386183000,09:09:37:817,0.0,9.776321,0.812345"
"4670396183000,09:09:37:827,0.0,9.776321,0.812345"
"4670406183000,09:09:37:838,0.0,9.776321,0.812345"
"4670416183000,09:09:37:847,0.0,9.776321,0.812345"
"4670426183000,09:09:37:858,0.0,9.776321,0.812345"
"4670436183000,09:09:37:868,0.0,9.776321,0.812345"
"4670446183000,09:09:37:877,0.0,9.776321,0.812345"
"4670456183000,09:09:37:889,0.0,9.776321,0.812345"
"4670466183000,09:09:37:897,0.0,9.776321,0.812345"
"4670476183000,09:09:37:907,0.0,9.776321,0.812345"
"4670486183000,09:09:37:918,0.0,9.776321,0.812345"
"4670496183000,09:09:37:928,0.0,9.776321,0.812345"
"4670506183000,09:09:37:938,0.0,9.776321,0.812345"
"4670516183000,09:09:37:947,0.0,9.776321,0.812345"
"4670526183000,09:09:37:957,0.0,9.776321,0.812345"
"4670536183000,09:09:37:967,0.0,9.776321,0.812345"
"4670546183000,09:09:37:978,0.0,9.776321,0.812345"
"4670556183000,09:09:37:987,0.0,9.776321,0.812345"
"4670566183000,09:09:37:997,0.0,9.776321,0.812345"
"4670576183000,09:09:38:007,0.0,9.776321,0.812345"
"4670586183000,09:09:38:019,0.0,9.776321,0.812345"
"4670596183000,09:09:38:028,0.0,9.776321,0.812345"
"4670606183000,09:09:38:037,0.0,9.776321,0.812345"
"4670616183000,09:09:38:048,0.0,9.776321,0.812345"
"4670636183000,09:09:38:069,0.0,9.776321,0.812345"
"4670646183000,09:09:38:077,0.0,9.776321,0.812345"
"4670656183000,09:09:38:088,0.0,9.776321,0.812345"
"4670666183000,09:09:38:097,0.0,9.776321,0.812345"
"4670676183000,09:09:38:108,0.0,9.776321,0.812345"
"4670686183000,09:09:38:118,0.0,9.776321,0.812345"
"4670696183000,09:09:38:127,0.0,9.776321,0.812345"
"4670706183000,09:09:38:138,0.0,9.776321,0.812345"
"4670716183000,09:09:38:147,0.0,9.776321,0.812345"
"4670726183000,09:09:38:157,0.0,9.776321,0.812345"
"4670736183000,09:09:38:168,0.0,9.776321,0.812345"
"4670746183000,09:09:38:178,0.0,9.776321,0.812345"
"4670756183000,09:09:38:188,0.0,9.776321,0.812345"
"4670766183000,09:09:38:197,0.0,9.776321,0.812345"
"4670776183000,09:09:38:208,0.0,9.776321,0.812345"
"4670786183000,09:09:38:218,0.0,9.776321,0.812345"
"4670796183000,09:09:38:228,0.0,9.776321,0.812345"
"4670806183000,09:09:38:237,0.0,9.776321,0.812345"
"4670816183000,09:09:38:249,0.0,9.776321,0.812345"
"4670826183000,09:09:38:257,0.0,9.776321,0.812345"
"4670836183000,09:09:38:267,0.0,9.776321,0.812345"
"4670846183000,09:09:38:278,0.0,9.776321,0.812345"
"4670856183000,09:09:38:287,0.0,9.776321,0.812345"
"4670866183000,09:09:38:297,0.0,9.776321,0.812345"
"4670876183000,09:09:38:307,0.0,9.776321,0.812345"
"4670886183000,09:09:38:318,0.0,9.776321,0.812345"
"4670896183000,09:09:38:328,0.0,9.776321,0.812345"
"4670906183000,09:09:38:338,0.0,9.776321,0.812345"
"4670916183000,09:09:38:347,0.0,9.776321,0.812345"
"4670926183000,09:09:38:358,0.0,9.776321,0.812345"
"4670936183000,09:09:38:367,0.0,9.776321,0.812345"
"4670956183000,09:09:38:387,0.0,9.776321,0.812345"
"4670966183000,09:09:38:397,0.0,9.776321,0.812345"
"4670976183000,09:09:38:409,0.0,9.776321,0.812345"
"4670986183000,09:09:38:417,0.0,9.776321,0.812345"
"4670996183000,09:09:38:427,0.0,9.776321,0.812345"
"4671006183000,09:09:38:437,0.0,9.776321,0.812345"
"4671016183000,09:09:38:447,0.0,9.776321,0.812345"
"4671026183000,09:09:38:458,0.0,9.776321,0.812345"
"4671036183000,09:09:38:468,0.0,9.776321,0.812345"
"4671046183000,09:09:38:477,0.0,9.776321,0.812345"
"4671056183000,09:09:38:488,0.0,9.776321,0.812345"
"4671066183000,09:09:38:497,0.0,9.776321,0.812345"
"4671076183000,09:09:38:508,0.0,9.776321,0.812345"
"4671086183000,09:09:38:519,0.0,9.776321,0.812345"
"4671096183000,09:09:38:527,0.0,9.776321,0.812345"
"4671106183000,09:09:38:538,0.0,9.776321,0.812345"
"4671116183000,09:09:38:548,0.0,9.776321,0.812345"
"4671126183000,09:09:38:559,0.0,9.776321,0.812345"
"4671136183000,09:09:38:567,0.0,9.776321,0.812345"
"4671146183000,09:09:38:577,0.0,9.776321,0.812345"
"4671156183000,09:09:38:587,0.0,9.776321,0.812345"
"4671166183000,09:09:38:597,0.0,9.776321,0.812345"
"4671176183000,09:09:38:607,0.0,9.776321,0.812345"
"4671196183000,09:09:38:628,0.0,9.776321,0.812345"
"4671206183000,09:09:38:637,0.0,9.776321,0.812345"
"4671216183000,09:09:38:647,0.0,9.776321,0.812345"
"4671226183000,09:09:38:657,0.0,9.776321,0.812345"
"4671236183000,09:09:38:668,0.0,9.776321,0.812345"
"4671246183000,09:09:38:677,0.0,9.776321,0.812345"
"4671256183000,09:09:38:689,0.0,9.776321,0.812345"
"4671266183000,09:09:38:698,0.0,9.776321,0.812345"
"4671276183000,09:09:38:708,0.0,9.776321,0.812345"
"4671286183000,09:09:38:718,0.0,9.776321,0.812345"
"4671316183000,09:09:38:747,0.0,9.776321,0.812345"
"4671326183000,09:09:38:757,0.0,9.776321,0.812345"
"4671336183000,09:09:38:767,0.0,9.776321,0.812345"
"4671346183000,09:09:38:778,0.0,9.776321,0.812345"
"4671356183000,09:09:38:787,0.0,9.776321,0.812345"
"4671366183000,09:09:38:797,0.0,9.776321,0.812345"
"4671376183000,09:09:38:807,0.0,9.776321,0.812345"
"4671386183000,09:09:38:819,0.0,9.776321,0.812345"
"4671396183000,09:09:38:828,0.0,9.776321,0.812345"
"4671406183000,09:09:38:839,0.0,9.776321,0.812345"
"4671416183000,09:09:38:847,0.0,9.776321,0.812345"
"4671426183000,09:09:38:858,0.0,9.776321,0.812345"
"4671436183000,09:09:38:868,0.0,9.776321,0.812345"
"4671446183000,09:09:38:878,0.0,9.776321,0.812345"
"4671456183000,09:09:38:888,0.0,9.776321,0.812345"
"4671466183000,09:09:38:897,0.0,9.776321,0.812345"
"4671476183000,09:09:38:907,0.0,9.776321,0.812345"
"4671486183000,09:09:38:918,0.0,9.776321,0.812345"
"4671496183000,09:09:38:928,0.0,9.776321,0.812345"
"4671506183000,09:09:38:938,0.0,9.776321,0.812345"
"4671886183000,09:09:39:318,0.0,9.776321,0.812345"
"4671976183000,09:09:39:407,0.0,9.776321,0.812345"
"4672026183000,09:09:39:457,0.0,9.776321,0.812345"
"4672046183000,09:09:39:479,0.0,9.776321,0.812345"
"4672076183000,09:09:39:507,0.0,9.776321,0.812345"
"4672086183000,09:09:39:518,0.0,9.776321,0.812345"
"4672096183000,09:09:39:528,0.0,9.776321,0.812345"
"4672106183000,09:09:39:539,0.0,9.776321,0.812345"
"4672126183000,09:09:39:558,0.0,9.776321,0.812345"
"4672136183000,09:09:39:568,0.0,9.776321,0.812345"
"4672146183000,09:09:39:578,0.0,9.776321,0.812345"
"4672156183000,09:09:39:588,0.0,9.776321,0.812345"
"4672166183000,09:09:39:597,0.0,9.776321,0.812345"
"4672176183000,09:09:39:607,0.0,9.776321,0.812345"
"4672186183000,09:09:39:618,0.0,9.776321,0.812345"
"4672196183000,09:09:39:628,0.0,9.776321,0.812345"
"4672206183000,09:09:39:638,0.0,9.776321,0.812345"
"4672216183000,09:09:39:649,0.0,9.776321,0.812345"
"4672226183000,09:09:39:659,0.0,9.776321,0.812345"
"4672236183000,09:09:39:667,0.0,9.776321,0.812345"
"4672246183000,09:09:39:678,0.0,9.776321,0.812345"
"4672256183000,09:09:39:688,0.0,9.776321,0.812345"
"4672266183000,09:09:39:698,0.0,9.776321,0.812345"
"4672276183000,09:09:39:708,0.0,9.776321,0.812345"
"4672286183000,09:09:39:718,0.0,9.776321,0.812345"
"4672296183000,09:09:39:728,0.0,9.776321,0.812345"
"4672306183000,09:09:39:737,0.0,9.776321,0.812345"
"4672316183000,09:09:39:747,0.0,9.776321,0.812345"
"4672326183000,09:09:39:757,0.0,9.776321,0.812345"
"4672706183000,09:09:40:139,0.0,9.776321,0.812345"
"4672756183000,09:09:40:187,0.0,9.776321,0.812345"
"4672776183000,09:09:40:208,0.0,9.776321,0.812345"
"4672786183000,09:09:40:218,0.0,9.776321,0.812345"
"4672796183000,09:09:40:227,0.0,9.776321,0.812345"
"4672806183000,09:09:40:238,0.0,9.776321,0.812345"
"4673206183000,09:09:40:638,0.0,9.776321,0.812345"
"4673676183000,09:09:41:108,0.0,9.776321,0.812345"
"4673736183000,09:09:41:168,0.0,9.776321,0.812345"
"4673796183000,09:09:41:229,0.0,9.776321,0.812345"
"4673806183000,09:09:41:238,0.0,9.776321,0.812345"
"4674236183000,09:09:41:667,0.0,9.776321,0.812345"
"4674256183000,09:09:41:688,0.0,9.776321,0.812345"
"4674286183000,09:09:41:719,0.0,9.776321,0.812345"
"4674306183000,09:09:41:737,0.0,9.776321,0.812345"
"4674316183000,09:09:41:748,0.0,9.776321,0.812345"
"4674326183000,09:09:41:758,0.0,9.776321,0.812345"
"4674336183000,09:09:41:769,0.0,9.776321,0.812345"
"4674346183000,09:09:41:777,0.0,9.776321,0.812345"
"4674356183000,09:09:41:787,0.0,9.776321,0.812345"
"4674366183000,09:09:41:797,0.0,9.776321,0.812345"
"4674376183000,09:09:41:807,0.0,9.776321,0.812345"
"4674386183000,09:09:41:818,0.0,9.776321,0.812345"
"4674396183000,09:09:41:828,0.0,9.776321,0.812345"
"4674406183000,09:09:41:837,0.0,9.776321,0.812345"
"4674416183000,09:09:41:849,0.0,9.776321,0.812345"
"4674426183000,09:09:41:858,0.0,9.776321,0.812345"
"4674436183000,09:09:41:867,0.0,9.776321,0.812345"
"4674446183000,09:09:41:877,0.0,9.776321,0.812345"
"4674456183000,09:09:41:888,0.0,9.776321,0.812345"
"4674466183000,09:09:41:897,0.0,9.776321,0.812345"
"4674476183000,09:09:41:907,0.0,9.776321,0.812345"
"4674486183000,09:09:41:919,0.0,9.776321,0.812345"
"4674496183000,09:09:41:928,0.0,9.776321,0.812345"
"4674506183000,09:09:41:937,0.0,9.776321,0.812345"
"4674516183000,09:09:41:948,0.0,9.776321,0.812345"
"4674526183000,09:09:41:959,0.0,9.776321,0.812345"
"4674536183000,09:09:41:968,0.0,9.776321,0.812345"
"4674546183000,09:09:41:977,0.0,9.776321,0.812345"
"4674556183000,09:09:41:988,0.0,9.776321,0.812345"
"4674566183000,09:09:41:997,0.0,9.776321,0.812345"
"4674576183000,09:09:42:007,0.0,9.776321,0.812345"
"4674586183000,09:09:42:017,0.0,9.776321,0.812345"
"4674596183000,09:09:42:028,0.0,9.776321,0.812345"
"4674606183000,09:09:42:038,0.0,9.776321,0.812345"
"4674616183000,09:09:42:047,0.0,9.776321,0.812345"
"4674626183000,09:09:42:059,0.0,9.776321,0.812345"
"4674636183000,09:09:42:067,0.0,9.776321,0.812345"
"4674646183000,09:09:42:077,0.0,9.776321,0.812345"
"4674656183000,09:09:42:088,0.0,9.776321,0.812345"
"4674666183000,09:09:42:097,0.0,9.776321,0.812345"
"4674676183000,09:09:42:108,0.0,9.776321,0.812345"
"4674686183000,09:09:42:118,0.0,9.776321,0.812345"
"4674696183000,09:09:42:127,0.0,9.776321,0.812345"
"4674706183000,09:09:42:139,0.0,9.776321,0.812345"
"4674716183000,09:09:42:147,0.0,9.776321,0.812345"
"4674736183000,09:09:42:168,0.0,9.776321,0.812345"
"4674746183000,09:09:42:177,0.0,9.776321,0.812345"
"4674756183000,09:09:42:187,0.0,9.776321,0.812345"
"4674766183000,09:09:42:198,0.0,9.776321,0.812345"
"4674776183000,09:09:42:209,0.0,9.776321,0.812345"
"4674786183000,09:09:42:217,0.0,9.776321,0.812345"
"4674796183000,09:09:42:228,0.0,9.776321,0.812345"
"4674806183000,09:09:42:239,0.0,9.776321,0.812345"
"4674816183000,09:09:42:247,0.0,9.776321,0.812345"
"4674826183000,09:09:42:257,0.0,9.776321,0.812345"
"4674836183000,09:09:42:268,0.0,9.776321,0.812345"
"4674846183000,09:09:42:277,0.0,9.776321,0.812345"
"4674856183000,09:09:42:289,0.0,9.776321,0.812345"
"4674866183000,09:09:42:297,0.0,9.776321,0.812345"
"4674876183000,09:09:42:307,0.0,9.776321,0.812345"
"4674886183000,09:09:42:319,0.0,9.776321,0.812345"
"4674896183000,09:09:42:328,0.0,9.776321,0.812345"
"4674906183000,09:09:42:338,0.0,9.776321,0.812345"
"4674916183000,09:09:42:347,0.0,9.776321,0.812345"
"4674926183000,09:09:42:357,0.0,9.776321,0.812345"
"4674936183000,09:09:42:368,0.0,9.776321,0.812345"
"4674946183000,09:09:42:378,0.0,9.776321,0.812345"
"4674956183000,09:09:42:387,0.0,9.776321,0.812345"
"4674966183000,09:09:42:397,0.0,9.776321,0.812345"
"4674976183000,09:09:42:407,0.0,9.776321,0.812345"
"4674986183000,09:09:42:418,0.0,9.776321,0.812345"
"4674996183000,09:09:42:428,0.0,9.776321,0.812345"
"4675006183000,09:09:42:437,0.0,9.776321,0.812345"
"4675016183000,09:09:42:448,0.0,9.776321,0.812345"
"4675026183000,09:09:42:457,0.0,9.776321,0.812345"
"4675036183000,09:09:42:468,0.0,9.776321,0.812345"
"4675046183000,09:09:42:477,0.0,9.776321,0.812345"
"4675056183000,09:09:42:487,0.0,9.776321,0.812345"
"4675066183000,09:09:42:498,0.0,9.776321,0.812345"
"4675076183000,09:09:42:508,0.0,9.776321,0.812345"
"4675086183000,09:09:42:518,0.0,9.776321,0.812345"
"4675096183000,09:09:42:527,0.0,9.776321,0.812345"
"4675106183000,09:09:42:537,0.0,9.776321,0.812345"
"4675116183000,09:09:42:547,0.0,9.776321,0.812345"
"4675126183000,09:09:42:559,0.0,9.776321,0.812345"
"4675136183000,09:09:42:568,0.0,9.776321,0.812345"
"4675146183000,09:09:42:578,0.0,9.776321,0.812345"
"4675156183000,09:09:42:589,0.0,9.776321,0.812345"
"4675166183000,09:09:42:597,0.0,9.776321,0.812345"
"4675176183000,09:09:42:607,0.0,9.776321,0.812345"
"4675186183000,09:09:42:619,0.0,9.776321,0.812345"
"4675196183000,09:09:42:629,0.0,9.776321,0.812345"
"4675206183000,09:09:42:637,0.0,9.776321,0.812345"
"4675216183000,09:09:42:647,0.0,9.776321,0.812345"
"4675226183000,09:09:42:659,0.0,9.776321,0.812345"
"4675236183000,09:09:42:668,0.0,9.776321,0.812345"
"4675246183000,09:09:42:677,0.0,9.776321,0.812345"
"4675256183000,09:09:42:687,0.0,9.776321,0.812345"
"4675266183000,09:09:42:698,0.0,9.776321,0.812345"
"4675276183000,09:09:42:707,0.0,9.776321,0.812345"
"4675286183000,09:09:42:717,0.0,9.776321,0.812345"
"4675296183000,09:09:42:728,0.0,9.776321,0.812345"
"4675306183000,09:09:42:737,0.0,9.776321,0.812345"
"4675316183000,09:09:42:748,0.0,9.776321,0.812345"
"4675326183000,09:09:42:757,0.0,9.776321,0.812345"
"4675336183000,09:09:42:768,0.0,9.776321,0.812345"
"4675346183000,09:09:42:778,0.0,9.776321,0.812345"
"4675356183000,09:09:42:789,0.0,9.776321,0.812345"
"4675366183000,09:09:42:798,0.0,9.776321,0.812345"
"4675376183000,09:09:42:808,0.0,9.776321,0.812345"
"4675386183000,09:09:42:819,0.0,9.776321,0.812345"
"4675396183000,09:09:42:827,0.0,9.776321,0.812345"
"4675406183000,09:09:42:838,0.0,9.776321,0.812345"
"4675416183000,09:09:42:847,0.0,9.776321,0.812345"
"4675426183000,09:09:42:857,0.0,9.776321,0.812345"
"4675436183000,09:09:42:868,0.0,9.776321,0.812345"
"4675446183000,09:09:42:878,0.0,9.776321,0.812345"
"4675456183000,09:09:42:889,0.0,9.776321,0.812345"
"4675466183000,09:09:42:897,0.0,9.776321,0.812345"
"4675476183000,09:09:42:908,0.0,9.776321,0.812345"
"4675486183000,09:09:42:917,0.0,9.776321,0.812345"
"4675866183000,09:09:43:298,0.0,9.776321,0.812345"
"4675936183000,09:09:43:368,0.0,9.776321,0.812345"
"4675976183000,09:09:43:408,0.0,9.776321,0.812345"
"4675996183000,09:09:43:428,0.0,9.776321,0.812345"
"4676016183000,09:09:43:448,0.0,9.776321,0.812345"
"4676036183000,09:09:43:468,0.0,9.776321,0.812345"
"4676046183000,09:09:43:479,0.0,9.776321,0.812345"
"4676066183000,09:09:43:499,0.0,9.776321,0.812345"
"4676086183000,09:09:43:518,0.0,9.776321,0.812345"
"4676096183000,09:09:43:528,0.0,9.776321,0.812345"
"4676106183000,09:09:43:538,0.0,9.776321,0.812345"
"4676116183000,09:09:43:547,0.0,9.776321,0.812345"
"4676126183000,09:09:43:558,0.0,9.776321,0.812345"
"4676136183000,09:09:43:567,0.0,9.776321,0.812345"
"4676146183000,09:09:43:578,0.0,9.776321,0.812345"
"4676156183000,09:09:43:587,0.0,9.776321,0.812345"
"4676166183000,09:09:43:598,0.0,9.776321,0.812345"
"4676176183000,09:09:43:608,0.0,9.776321,0.812345"
"4676186183000,09:09:43:618,0.0,9.776321,0.812345"
"4676196183000,09:09:43:628,0.0,9.776321,0.812345"
"4676206183000,09:09:43:637,0.0,9.776321,0.812345"
"4676216183000,09:09:43:647,0.0,9.776321,0.812345"
"4676226183000,09:09:43:657,0.0,9.776321,0.812345"
"4676236183000,09:09:43:668,0.0,9.776321,0.812345"
"4676246183000,09:09:43:678,0.0,9.776321,0.812345"
"4676256183000,09:09:43:688,0.0,9.776321,0.812345"
"4676266183000,09:09:43:697,0.0,9.776321,0.812345"
"4676276183000,09:09:43:708,0.0,9.776321,0.812345"
"4676286183000,09:09:43:718,0.0,9.776321,0.812345"
"4676306183000,09:09:43:738,0.0,9.776321,0.812345"
"4676316183000,09:09:43:747,0.0,9.776321,0.812345"
"4676326183000,09:09:43:757,0.0,9.776321,0.812345"
"4676336183000,09:09:43:767,0.0,9.776321,0.812345"
"4676346183000,09:09:43:777,0.0,9.776321,0.812345"
"4676356183000,09:09:43:788,0.0,9.776321,0.812345"
"4676366183000,09:09:43:797,0.0,9.776321,0.812345"
"4676376183000,09:09:43:808,0.0,9.776321,0.812345"
"4676386183000,09:09:43:818,0.0,9.776321,0.812345"
"4676396183000,09:09:43:828,0.0,9.776321,0.812345"
"4676406183000,09:09:43:838,0.0,9.776321,0.812345"
"4676416183000,09:09:43:848,0.0,9.776321,0.812345"
"4676426183000,09:09:43:858,0.0,9.776321,0.812345"
"4676446183000,09:09:43:879,0.0,9.776321,0.812345"
"4676456183000,09:09:43:887,0.0,9.776321,0.812345"
"4676466183000,09:09:43:898,0.0,9.776321,0.812345"
"4676476183000,09:09:43:907,0.0,9.776321,0.812345"
"4676486183000,09:09:43:917,0.0,9.776321,0.812345"
"4676496183000,09:09:43:927,0.0,9.776321,0.812345"
"4676506183000,09:09:43:938,0.0,9.776321,0.812345"
"4676516183000,09:09:43:947,0.0,9.776321,0.812345"
"4676526183000,09:09:43:958,0.0,9.776321,0.812345"
"4676536183000,09:09:43:969,0.0,9.776321,0.812345"
"4676546183000,09:09:43:977,0.0,9.776321,0.812345"
"4676556183000,09:09:43:988,0.0,9.776321,0.812345"
"4676566183000,09:09:43:998,0.0,9.776321,0.812345"
"4676576183000,09:09:44:008,0.0,9.776321,0.812345"
"4676586183000,09:09:44:018,0.0,9.776321,0.812345"
"4676596183000,09:09:44:028,0.0,9.776321,0.812345"
"4676606183000,09:09:44:039,0.0,9.776321,0.812345"
"4676616183000,09:09:44:047,0.0,9.776321,0.812345"
"4676626183000,09:09:44:058,0.0,9.776321,0.812345"
"4676636183000,09:09:44:068,0.0,9.776321,0.812345"
"4676646183000,09:09:44:077,0.0,9.776321,0.812345"
"4676656183000,09:09:44:088,0.0,9.776321,0.812345"
"4676666183000,09:09:44:097,0.0,9.776321,0.812345"
"4676676183000,09:09:44:107,0.0,9.776321,0.812345"
"4676686183000,09:09:44:118,0.0,9.776321,0.812345"
"4676696183000,09:09:44:128,0.0,9.776321,0.812345"
"4676706183000,09:09:44:138,0.0,9.776321,0.812345"
"4676716183000,09:09:44:147,0.0,9.776321,0.812345"
"4676726183000,09:09:44:157,0.0,9.776321,0.812345"
"4676736183000,09:09:44:168,0.0,9.776321,0.812345"
"4676746183000,09:09:44:177,0.0,9.776321,0.812345"
"4676756183000,09:09:44:187,0.0,9.776321,0.812345"
"4676766183000,09:09:44:198,0.0,9.776321,0.812345"
"4676776183000,09:09:44:208,0.0,9.776321,0.812345"
"4676786183000,09:09:44:217,0.0,9.776321,0.812345"
"4676796183000,09:09:44:227,0.0,9.776321,0.812345"
"4676806183000,09:09:44:237,0.0,9.776321,0.812345"
"4676816183000,09:09:44:247,0.0,9.776321,0.812345"
"4676826183000,09:09:44:258,0.0,9.776321,0.812345"
"4676836183000,09:09:44:268,0.0,9.776321,0.812345"
"4676846183000,09:09:44:278,0.0,9.776321,0.812345"
"4676856183000,09:09:44:288,0.0,9.776321,0.812345"
"4676866183000,09:09:44:298,0.0,9.776321,0.812345"
"4676876183000,09:09:44:307,0.0,9.776321,0.812345"
"4676886183000,09:09:44:318,0.0,9.776321,0.812345"
"4676896183000,09:09:44:327,0.0,9.776321,0.812345"
"4676906183000,09:09:44:338,0.0,9.776321,0.812345"
"4676916183000,09:09:44:347,0.0,9.776321,0.812345"
"4676926183000,09:09:44:358,0.0,9.776321,0.812345"
"4676936183000,09:09:44:369,0.0,9.776321,0.812345"
"4676946183000,09:09:44:377,0.0,9.776321,0.812345"
"4676956183000,09:09:44:389,0.0,9.776321,0.812345"
"4676966183000,09:09:44:397,0.0,9.776321,0.812345"
"4676986183000,09:09:44:418,0.0,9.776321,0.812345"
"4676996183000,09:09:44:428,0.0,9.776321,0.812345"
"4677006183000,09:09:44:438,0.0,9.776321,0.812345"
"4677016183000,09:09:44:448,0.0,9.776321,0.812345"
"4677026183000,09:09:44:457,0.0,9.776321,0.812345"
"4677036183000,09:09:44:467,0.0,9.776321,0.812345"
"4677046183000,09:09:44:477,0.0,9.776321,0.812345"
"4677056183000,09:09:44:489,0.0,9.776321,0.812345"
"4677066183000,09:09:44:498,0.0,9.776321,0.812345"
"4677076183000,09:09:44:507,0.0,9.776321,0.812345"
"4677086183000,09:09:44:519,0.0,9.776321,0.812345"
"4677096183000,09:09:44:529,0.0,9.776321,0.812345"
"4677106183000,09:09:44:538,0.0,9.776321,0.812345"
"4677116183000,09:09:44:548,0.0,9.776321,0.812345"
"4677126183000,09:09:44:558,0.0,9.776321,0.812345"
"4677136183000,09:09:44:568,0.0,9.776321,0.812345"
"4677146183000,09:09:44:578,0.0,9.776321,0.812345"
"4677156183000,09:09:44:587,0.0,9.776321,0.812345"
"4677166183000,09:09:44:598,0.0,9.776321,0.812345"
"4677176183000,09:09:44:609,0.0,9.776321,0.812345"
"4677186183000,09:09:44:619,0.0,9.776321,0.812345"
"4677196183000,09:09:44:628,0.0,9.776321,0.812345"
"4677206183000,09:09:44:638,0.0,9.776321,0.812345"
"4677576183000,09:09:45:007,0.0,9.776321,0.812345"
"4677656183000,09:09:45:088,0.0,9.776321,0.812345"
"4677696183000,09:09:45:127,0.0,9.776321,0.812345"
"4677726183000,09:09:45:158,0.0,9.776321,0.812345"
"4677736183000,09:09:45:168,0.0,9.776321,0.812345"
"4677746183000,09:09:45:177,0.0,9.776321,0.812345"
"4677756183000,09:09:45:187,0.0,9.776321,0.812345"
"4677766183000,09:09:45:198,0.0,9.776321,0.812345"
"4677786183000,09:09:45:218,0.0,9.776321,0.812345"
"4677796183000,09:09:45:229,0.0,9.776321,0.812345"
"4677806183000,09:09:45:239,0.0,9.776321,0.812345"
"4677816183000,09:09:45:248,0.0,9.776321,0.812345"
"4677826183000,09:09:45:258,0.0,9.776321,0.812345"
"4677836183000,09:09:45:268,0.0,9.776321,0.812345"
"4677846183000,09:09:45:277,0.0,9.776321,0.812345"
"4677856183000,09:09:45:288,0.0,9.776321,0.812345"
"4677866183000,09:09:45:298,0.0,9.776321,0.812345"
"4677876183000,09:09:45:307,0.0,9.776321,0.812345"
"4677886183000,09:09:45:319,0.0,9.776321,0.812345"
"4677896183000,09:09:45:328,0.0,9.776321,0.812345"
"4677906183000,09:09:45:338,0.0,9.776321,0.812345"
"4677916183000,09:09:45:349,0.0,9.776321,0.812345"
"4677926183000,09:09:45:358,0.0,9.776321,0.812345"
"4677936183000,09:09:45:367,0.0,9.776321,0.812345"
"4677946183000,09:09:45:378,0.0,9.776321,0.812345"
"4677956183000,09:09:45:387,0.0,9.776321,0.812345"
"4677966183000,09:09:45:398,0.0,9.776321,0.812345"
"4677976183000,09:09:45:409,0.0,9.776321,0.812345"
"4677986183000,09:09:45:418,0.0,9.776321,0.812345"
"4677996183000,09:09:45:427,0.0,9.776321,0.812345"
"4678006183000,09:09:45:438,0.0,9.776321,0.812345"
"4678016183000,09:09:45:447,0.0,9.776321,0.812345"
"4678026183000,09:09:45:457,0.0,9.776321,0.812345"
"4678036183000,09:09:45:468,0.0,9.776321,0.812345"
"4678046183000,09:09:45:477,0.0,9.776321,0.812345"
"4678056183000,09:09:45:487,0.0,9.776321,0.812345"
"4678066183000,09:09:45:497,0.0,9.776321,0.812345"
"4678076183000,09:09:45:507,0.0,9.776321,0.812345"
"4678086183000,09:09:45:519,0.0,9.776321,0.812345"
"4678096183000,09:09:45:528,0.0,9.776321,0.812345"
"4678116183000,09:09:45:548,0.0,9.776321,0.812345"
"4678126183000,09:09:45:558,0.0,9.776321,0.812345"
"4678136183000,09:09:45:567,0.0,9.776321,0.812345"
"4678146183000,09:09:45:577,0.0,9.776321,0.812345"
"4678156183000,09:09:45:588,0.0,9.776321,0.812345"
"4678166183000,09:09:45:598,0.0,9.776321,0.812345"
"4678176183000,09:09:45:607,0.0,9.776321,0.812345"
"4678186183000,09:09:45:618,0.0,9.776321,0.812345"
"4678196183000,09:09:45:627,0.0,9.776321,0.812345"
"4678216183000,09:09:45:648,0.0,9.776321,0.812345"
"4678226183000,09:09:45:657,0.0,9.776321,0.812345"
"4678236183000,09:09:45:667,0.0,9.776321,0.812345"
"4678246183000,09:09:45:679,0.0,9.776321,0.812345"
"4678256183000,09:09:45:687,0.0,9.776321,0.812345"
"4678266183000,09:09:45:697,0.0,9.776321,0.812345"
"4678276183000,09:09:45:709,0.0,9.776321,0.812345"
"4678286183000,09:09:45:719,0.0,9.776321,0.812345"
"4678296183000,09:09:45:728,0.0,9.776321,0.812345"
"4678306183000,09:09:45:737,0.0,9.776321,0.812345"
"4678316183000,09:09:45:748,0.0,9.776321,0.812345"
"4678326183000,09:09:45:758,0.0,9.776321,0.812345"
"4678336183000,09:09:45:768,0.0,9.776321,0.812345"
"4678346183000,09:09:45:778,0.0,9.776321,0.812345"
"4678356183000,09:09:45:788,0.0,9.776321,0.812345"
"4678366183000,09:09:45:798,0.0,9.776321,0.812345"
"4678376183000,09:09:45:807,0.0,9.776321,0.812345"
"4678386183000,09:09:45:818,0.0,9.776321,0.812345"
"4678396183000,09:09:45:828,0.0,9.776321,0.812345"
"4678406183000,09:09:45:837,0.0,9.776321,0.812345"
"4678416183000,09:09:45:847,0.0,9.776321,0.812345"
"4678426183000,09:09:45:857,0.0,9.776321,0.812345"
"4678436183000,09:09:45:867,0.0,9.776321,0.812345"
"4678446183000,09:09:45:878,0.0,9.776321,0.812345"
"4678456183000,09:09:45:887,0.0,9.776321,0.812345"
"4678466183000,09:09:45:897,0.0,9.776321,0.812345"
"4678476183000,09:09:45:908,0.0,9.776321,0.812345"
"4678486183000,09:09:45:918,0.0,9.776321,0.812345"
"4678506183000,09:09:45:938,0.0,9.776321,0.812345"
"4678516183000,09:09:45:947,0.0,9.776321,0.812345"
"4678526183000,09:09:45:957,0.0,9.776321,0.812345"
"4678536183000,09:09:45:968,0.0,9.776321,0.812345"
"4678546183000,09:09:45:978,0.0,9.776321,0.812345"
"4678556183000,09:09:45:988,0.0,9.776321,0.812345"
"4678566183000,09:09:45:998,0.0,9.776321,0.812345"
"4678576183000,09:09:46:007,0.0,9.776321,0.812345"
"4678586183000,09:09:46:018,0.0,9.776321,0.812345"
"4678596183000,09:09:46:028,0.0,9.776321,0.812345"
"4678606183000,09:09:46:038,0.0,9.776321,0.812345"
"4678616183000,09:09:46:048,0.0,9.776321,0.812345"
"4678626183000,09:09:46:057,0.0,9.776321,0.812345"
"4678636183000,09:09:46:067,0.0,9.776321,0.812345"
"4678646183000,09:09:46:078,0.0,9.776321,0.812345"
"4678656183000,09:09:46:087,0.0,9.776321,0.812345"
"4678686183000,09:09:46:117,0.0,9.776321,0.812345"
"4678696183000,09:09:46:127,0.0,9.776321,0.812345"
"4678706183000,09:09:46:138,0.0,9.776321,0.812345"
"4678716183000,09:09:46:147,0.0,9.776321,0.812345"
"4678726183000,09:09:46:158,0.0,9.776321,0.812345"
"4678736183000,09:09:46:167,0.0,9.776321,0.812345"
"4678746183000,09:09:46:177,0.0,9.776321,0.812345"
"4678756183000,09:09:46:188,0.0,9.776321,0.812345"
"4678766183000,09:09:46:197,0.0,9.776321,0.812345"
"4678776183000,09:09:46:207,0.0,9.776321,0.812345"
"4678786183000,09:09:46:217,0.0,9.776321,0.812345"
"4678796183000,09:09:46:227,0.0,9.776321,0.812345"
"4678806183000,09:09:46:237,0.0,9.776321,0.812345"
"4679186183000,09:09:46:618,0.0,9.776321,0.812345"
"4679266183000,09:09:46:698,0.0,9.776321,0.812345"
"4679316183000,09:09:46:747,0.0,9.776321,0.812345"
"4679326183000,09:09:46:758,0.0,9.776321,0.812345"
"4679346183000,09:09:46:777,0.0,9.776321,0.812345"
"4679356183000,09:09:46:788,0.0,9.776321,0.812345"
"4679376183000,09:09:46:808,0.0,9.776321,0.812345"
"4679386183000,09:09:46:817,0.0,9.776321,0.812345"
"4679396183000,09:09:46:827,0.0,9.776321,0.812345"
"4679406183000,09:09:46:838,0.0,9.776321,0.812345"
"4679416183000,09:09:46:848,0.0,9.776321,0.812345"
"4679426183000,09:09:46:858,0.0,9.776321,0.812345"
"4679436183000,09:09:46:867,0.0,9.776321,0.812345"
"4679446183000,09:09:46:878,0.0,9.776321,0.812345"
"4679456183000,09:09:46:887,0.0,9.776321,0.812345"
"4679466183000,09:09:46:897,0.0,9.776321,0.812345"
"4679476183000,09:09:46:909,0.0,9.776321,0.812345"
"4679486183000,09:09:46:918,0.0,9.776321,0.812345"
"4679496183000,09:09:46:928,0.0,9.776321,0.812345"
"4679506183000,09:09:46:938,0.0,9.776321,0.812345"
"4679516183000,09:09:46:948,0.0,9.776321,0.812345"
"4679526183000,09:09:46:959,0.0,9.776321,0.812345"
"4679536183000,09:09:46:968,0.0,9.776321,0.812345"
"4679546183000,09:09:46:977,0.0,9.776321,0.812345"
"4679556183000,09:09:46:988,0.0,9.776321,0.812345"
"4679566183000,09:09:46:998,0.0,9.776321,0.812345"
"4679576183000,09:09:47:008,0.0,9.776321,0.812345"
"4679586183000,09:09:47:019,0.0,9.776321,0.812345"
"4679596183000,09:09:47:028,0.0,9.776321,0.812345"
"4679606183000,09:09:47:037,0.0,9.776321,0.812345"
"4679616183000,09:09:47:047,0.0,9.776321,0.812345"
"4679626183000,09:09:47:058,0.0,9.776321,0.812345"
"4679636183000,09:09:47:068,0.0,9.776321,0.812345"
"4679646183000,09:09:47:077,0.0,9.776321,0.812345"
"4679656183000,09:09:47:087,0.0,9.776321,0.812345"
"4679666183000,09:09:47:098,0.0,9.776321,0.812345"
"4679676183000,09:09:47:108,0.0,9.776321,0.812345"
"4679686183000,09:09:47:117,0.0,9.776321,0.812345"
"4679696183000,09:09:47:129,0.0,9.776321,0.812345"
"4679706183000,09:09:47:138,0.0,9.776321,0.812345"
"4679716183000,09:09:47:148,0.0,9.776321,0.812345"
"4679726183000,09:09:47:159,0.0,9.776321,0.812345"
"4679736183000,09:09:47:167,0.0,9.776321,0.812345"
"4679746183000,09:09:47:178,0.0,9.776321,0.812345"
"4679756183000,09:09:47:188,0.0,9.776321,0.812345"
"4679766183000,09:09:47:198,0.0,9.776321,0.812345"
"4679776183000,09:09:47:207,0.0,9.776321,0.812345"
"4679786183000,09:09:47:218,0.0,9.776321,0.812345"
"4679796183000,09:09:47:228,0.0,9.776321,0.812345"
"4679806183000,09:09:47:237,0.0,9.776321,0.812345"
"4679816183000,09:09:47:247,0.0,9.776321,0.812345"
"4679826183000,09:09:47:257,0.0,9.776321,0.812345"
"4679836183000,09:09:47:268,0.0,9.776321,0.812345"
"4679846183000,09:09:47:278,0.0,9.776321,0.812345"
"4679856183000,09:09:47:288,0.0,9.776321,0.812345"
"4679866183000,09:09:47:298,0.0,9.776321,0.812345"
"4679876183000,09:09:47:307,0.0,9.776321,0.812345"
"4679886183000,09:09:47:318,0.0,9.776321,0.812345"
"4679896183000,09:09:47:328,0.0,9.776321,0.812345"
"4679906183000,09:09:47:338,0.0,9.776321,0.812345"
"4679916183000,09:09:47:348,0.0,9.776321,0.812345"
"4679926183000,09:09:47:357,0.0,9.776321,0.812345"
"4679936183000,09:09:47:368,0.0,9.776321,0.812345"
"4679946183000,09:09:47:379,0.0,9.776321,0.812345"
"4679956183000,09:09:47:389,0.0,9.776321,0.812345"
"4679966183000,09:09:47:398,0.0,9.776321,0.812345"
"4679976183000,09:09:47:407,0.0,9.776321,0.812345"
"4679986183000,09:09:47:418,0.0,9.776321,0.812345"
"4679996183000,09:09:47:429,0.0,9.776321,0.812345"
"4680006183000,09:09:47:437,0.0,9.776321,0.812345"
"4680016183000,09:09:47:448,0.0,9.776321,0.812345"
"4680026183000,09:09:47:458,0.0,9.776321,0.812345"
"4680036183000,09:09:47:468,0.0,9.776321,0.812345"
"4680046183000,09:09:47:479,0.0,9.776321,0.812345"
"4680056183000,09:09:47:488,0.0,9.776321,0.812345"
"4680066183000,09:09:47:499,0.0,9.776321,0.812345"
"4680076183000,09:09:47:507,0.0,9.776321,0.812345"
"4680086183000,09:09:47:519,0.0,9.776321,0.812345"
"4680096183000,09:09:47:528,0.0,9.776321,0.812345"
"4680106183000,09:09:47:537,0.0,9.776321,0.812345"
"4680116183000,09:09:47:548,0.0,9.776321,0.812345"
"4680126183000,09:09:47:557,0.0,9.776321,0.812345"
"4680136183000,09:09:47:567,0.0,9.776321,0.812345"
"4680146183000,09:09:47:578,0.0,9.776321,0.812345"
"4680156183000,09:09:47:587,0.0,9.776321,0.812345"
"4680166183000,09:09:47:599,0.0,9.776321,0.812345"
"4680176183000,09:09:47:608,0.0,9.776321,0.812345"
"4680186183000,09:09:47:619,0.0,9.776321,0.812345"
"4680196183000,09:09:47:627,0.0,9.776321,0.812345"
"4680206183000,09:09:47:639,0.0,9.776321,0.812345"
"4680216183000,09:09:47:647,0.0,9.776321,0.812345"
"4680226183000,09:09:47:657,0.0,9.776321,0.812345"
"4680236183000,09:09:47:669,0.0,9.776321,0.812345"
"4680246183000,09:09:47:679,0.0,9.776321,0.812345"
"4680286183000,09:09:47:719,0.0,9.776321,0.812345"
"4680296183000,09:09:47:727,0.0,9.776321,0.812345"
"4680306183000,09:09:47:737,0.0,9.776321,0.812345"
"4680316183000,09:09:47:748,0.0,9.776321,0.812345"
"4680326183000,09:09:47:758,0.0,9.776321,0.812345"
"4680336183000,09:09:47:767,0.0,9.776321,0.812345"
"4680346183000,09:09:47:778,0.0,9.776321,0.812345"
"4680356183000,09:09:47:789,0.0,9.776321,0.812345"
"4680366183000,09:09:47:798,0.0,9.776321,0.812345"
"4680376183000,09:09:47:807,0.0,9.776321,0.812345"
"4680386183000,09:09:47:818,0.0,9.776321,0.812345"
"4680396183000,09:09:47:829,0.0,9.776321,0.812345"
"4680406183000,09:09:47:837,0.0,9.776321,0.812345"
"4680416183000,09:09:47:848,0.0,9.776321,0.812345"
""
